"","home_team","away_team","posteam","posteam_type","defteam","yardline_100","quarter_seconds_remaining","half_seconds_remaining","game_seconds_remaining","game_half","qtr","down","ydstogo","play_type","yards_gained","pass_length","posteam_timeouts_remaining","defteam_timeouts_remaining","score_differential_post","rush_attempt","pass_attempt"
"1","MIA","NE","NE","away","MIA",80,900,1800,3600,"Half1",1,1,10,"run",2,NA,3,3,0,1,0
"2","MIA","NE","NE","away","MIA",78,869,1769,3569,"Half1",1,2,8,"pass",4,"short",3,3,0,0,1
"3","MIA","NE","NE","away","MIA",74,832,1732,3532,"Half1",1,3,4,"pass",0,"short",3,3,0,0,1
"4","MIA","NE","NE","away","MIA",80,706,1606,3406,"Half1",1,1,10,"pass",8,"short",3,3,-7,0,1
"5","MIA","NE","NE","away","MIA",72,668,1568,3368,"Half1",1,2,2,"pass",8,"short",3,3,-7,0,1
"6","MIA","NE","NE","away","MIA",64,647,1547,3347,"Half1",1,1,10,"run",4,NA,3,3,-7,1,0
"7","MIA","NE","NE","away","MIA",60,618,1518,3318,"Half1",1,2,6,"pass",9,"short",3,3,-7,0,1
"8","MIA","NE","NE","away","MIA",51,584,1484,3284,"Half1",1,1,10,"run",17,NA,3,3,-7,1,0
"9","MIA","NE","NE","away","MIA",34,560,1460,3260,"Half1",1,1,10,"pass",3,"short",3,3,-7,0,1
"10","MIA","NE","NE","away","MIA",25,503,1403,3203,"Half1",1,1,10,"run",1,NA,3,3,-7,1,0
"11","MIA","NE","NE","away","MIA",24,464,1364,3164,"Half1",1,2,9,"pass",9,"short",3,3,-7,0,1
"12","MIA","NE","NE","away","MIA",15,421,1321,3121,"Half1",1,1,10,"pass",9,"short",3,3,-7,0,1
"13","MIA","NE","NE","away","MIA",6,401,1301,3101,"Half1",1,2,1,"run",0,NA,3,3,-7,1,0
"14","MIA","NE","NE","away","MIA",6,368,1268,3068,"Half1",1,3,1,"run",2,NA,3,3,-7,1,0
"15","MIA","NE","NE","away","MIA",4,335,1235,3035,"Half1",1,1,4,"run",2,NA,3,3,-7,1,0
"16","MIA","NE","NE","away","MIA",2,315,1215,3015,"Half1",1,2,2,"run",2,NA,3,3,-1,1,0
"17","MIA","NE","NE","away","MIA",35,219,1119,2919,"Half1",1,1,10,"pass",0,"short",3,2,0,0,1
"18","MIA","NE","NE","away","MIA",35,212,1112,2912,"Half1",1,2,10,"pass",9,"short",3,2,0,0,1
"19","MIA","NE","NE","away","MIA",26,183,1083,2883,"Half1",1,3,1,"run",2,NA,3,2,0,1,0
"20","MIA","NE","NE","away","MIA",24,141,1041,2841,"Half1",1,1,10,"pass",0,"short",3,2,0,0,1
"21","MIA","NE","NE","away","MIA",24,135,1035,2835,"Half1",1,2,10,"pass",4,"short",3,2,0,0,1
"22","MIA","NE","NE","away","MIA",35,89,989,2789,"Half1",1,3,21,"pass",6,"short",3,2,0,0,1
"23","MIA","NE","NE","away","MIA",94,776,776,2576,"Half1",2,1,10,"pass",0,"short",3,2,3,0,1
"24","MIA","NE","NE","away","MIA",94,772,772,2572,"Half1",2,2,10,"pass",0,"short",3,2,3,0,1
"25","MIA","NE","NE","away","MIA",94,769,769,2569,"Half1",2,3,10,"run",11,NA,3,2,3,1,0
"26","MIA","NE","NE","away","MIA",83,730,730,2530,"Half1",2,1,10,"run",4,NA,3,2,3,1,0
"27","MIA","NE","NE","away","MIA",79,691,691,2491,"Half1",2,2,6,"pass",44,"deep",3,2,3,0,1
"28","MIA","NE","NE","away","MIA",35,664,664,2464,"Half1",2,1,10,"pass",0,"deep",3,2,3,0,1
"29","MIA","NE","NE","away","MIA",35,657,657,2457,"Half1",2,2,10,"pass",4,"short",3,2,3,0,1
"30","MIA","NE","NE","away","MIA",31,619,619,2419,"Half1",2,3,6,"pass",11,"short",3,2,3,0,1
"31","MIA","NE","NE","away","MIA",20,590,590,2390,"Half1",2,1,10,"run",11,NA,3,2,3,1,0
"32","MIA","NE","NE","away","MIA",9,570,570,2370,"Half1",2,1,9,"pass",3,"short",3,2,3,0,1
"33","MIA","NE","NE","away","MIA",6,525,525,2325,"Half1",2,2,6,"pass",6,"short",3,2,9,0,1
"34","MIA","NE","NE","away","MIA",66,434,434,2234,"Half1",2,1,10,"pass",0,"short",3,2,10,0,1
"35","MIA","NE","NE","away","MIA",66,432,432,2232,"Half1",2,2,10,"run",1,NA,3,2,10,1,0
"36","MIA","NE","NE","away","MIA",65,397,397,2197,"Half1",2,3,9,"pass",0,"short",3,2,10,0,1
"37","MIA","NE","NE","away","MIA",74,113,113,1913,"Half1",2,1,10,"run",2,NA,3,2,7,1,0
"38","MIA","NE","NE","away","MIA",67,83,83,1883,"Half1",2,2,3,"pass",21,"deep",3,2,7,0,1
"39","MIA","NE","NE","away","MIA",46,54,54,1854,"Half1",2,1,10,"pass",5,"short",3,2,7,0,1
"40","MIA","NE","NE","away","MIA",41,47,47,1847,"Half1",2,2,5,"pass",6,"short",2,2,7,0,1
"41","MIA","NE","NE","away","MIA",45,36,36,1836,"Half1",2,1,20,"pass",18,"short",1,2,7,0,1
"42","MIA","NE","NE","away","MIA",27,19,19,1819,"Half1",2,2,2,"pass",0,"deep",1,2,7,0,1
"43","MIA","NE","NE","away","MIA",27,15,15,1815,"Half1",2,3,2,"pass",0,"deep",1,2,7,0,1
"44","MIA","NE","NE","away","MIA",80,626,1526,1526,"Half2",3,1,10,"pass",3,"short",3,3,7,0,1
"45","MIA","NE","NE","away","MIA",77,609,1509,1509,"Half2",3,2,7,"pass",12,"short",3,3,7,0,1
"46","MIA","NE","NE","away","MIA",65,587,1487,1487,"Half2",3,1,10,"run",2,NA,3,3,7,1,0
"47","MIA","NE","NE","away","MIA",63,554,1454,1454,"Half2",3,2,8,"pass",-3,NA,3,3,7,0,1
"48","MIA","NE","NE","away","MIA",80,415,1315,1315,"Half2",3,1,10,"pass",0,"deep",3,3,0,0,1
"49","MIA","NE","NE","away","MIA",80,409,1309,1309,"Half2",3,2,10,"pass",2,"short",3,3,0,0,1
"50","MIA","NE","NE","away","MIA",78,371,1271,1271,"Half2",3,3,8,"pass",0,"short",3,3,0,0,1
"51","MIA","NE","NE","away","MIA",80,158,1058,1058,"Half2",3,1,10,"run",-2,NA,3,3,-3,1,0
"52","MIA","NE","NE","away","MIA",82,121,1021,1021,"Half2",3,2,12,"pass",14,"short",3,3,-3,0,1
"53","MIA","NE","NE","away","MIA",78,56,956,956,"Half2",3,1,20,"pass",0,"short",3,3,-3,0,1
"54","MIA","NE","NE","away","MIA",78,47,947,947,"Half2",3,2,20,"pass",-9,NA,3,3,-3,0,1
"55","MIA","NE","NE","away","MIA",87,8,908,908,"Half2",3,3,29,"run",9,NA,3,3,-3,1,0
"56","MIA","NE","NE","away","MIA",68,842,842,842,"Half2",4,1,10,"pass",2,"short",3,3,-3,0,1
"57","MIA","NE","NE","away","MIA",66,810,810,810,"Half2",4,2,8,"pass",0,"deep",3,3,-3,0,1
"58","MIA","NE","NE","away","MIA",66,803,803,803,"Half2",4,3,8,"pass",-7,NA,3,3,-3,0,1
"59","MIA","NE","NE","away","MIA",45,662,662,662,"Half2",4,1,10,"pass",4,"short",3,3,-3,0,1
"60","MIA","NE","NE","away","MIA",51,615,615,615,"Half2",4,2,16,"run",7,NA,3,3,-3,1,0
"61","MIA","NE","NE","away","MIA",44,596,596,596,"Half2",4,3,9,"pass",0,"deep",3,3,-3,0,1
"62","MIA","NE","NE","away","MIA",82,205,205,205,"Half2",4,1,10,"pass",0,"short",3,3,-10,0,1
"63","MIA","NE","NE","away","MIA",82,200,200,200,"Half2",4,2,10,"pass",0,"deep",3,3,-10,0,1
"64","MIA","NE","NE","away","MIA",82,194,194,194,"Half2",4,3,10,"pass",0,"deep",3,3,-10,0,1
"65","MIA","NE","NE","away","MIA",82,190,190,190,"Half2",4,4,10,"pass",-4,NA,3,3,-10,0,1
"66","MIA","NE","NE","away","MIA",71,158,158,158,"Half2",4,1,10,"pass",0,"deep",0,3,-13,0,1
"67","MIA","NE","NE","away","MIA",71,154,154,154,"Half2",4,2,10,"pass",5,"short",0,3,-13,0,1
"68","MIA","NE","NE","away","MIA",66,131,131,131,"Half2",4,3,5,"pass",0,"deep",0,3,-13,0,1
"69","MIA","NE","NE","away","MIA",66,128,128,128,"Half2",4,4,5,"pass",7,"short",0,3,-13,0,1
"70","MIA","NE","NE","away","MIA",59,120,120,120,"Half2",4,1,10,"pass",8,"short",0,3,-13,0,1
"71","MIA","NE","NE","away","MIA",51,102,102,102,"Half2",4,2,2,"pass",0,"short",0,3,-13,0,1
"72","MIA","NE","NE","away","MIA",51,98,98,98,"Half2",4,3,2,"pass",5,"short",0,3,-13,0,1
"73","MIA","NE","NE","away","MIA",46,74,74,74,"Half2",4,1,10,"pass",0,"deep",0,3,-13,0,1
"74","MIA","NE","NE","away","MIA",46,74,74,74,"Half2",4,2,10,"pass",0,"short",0,3,-13,0,1
"75","MIA","NE","NE","away","MIA",46,67,67,67,"Half2",4,3,10,"run",9,NA,0,3,-13,1,0
"76","MIA","NE","NE","away","MIA",37,47,47,47,"Half2",4,4,1,"run",3,NA,0,3,-13,1,0
"77","MIA","NE","NE","away","MIA",34,39,39,39,"Half2",4,1,10,"pass",0,"deep",0,3,-13,0,1
"78","MIA","NE","NE","away","MIA",34,31,31,31,"Half2",4,2,10,"pass",0,"deep",0,3,-13,0,1
"79","MIA","NE","NE","away","MIA",34,26,26,26,"Half2",4,3,10,"pass",0,"deep",0,3,-13,0,1
"80","MIA","NE","NE","away","MIA",34,15,15,15,"Half2",4,4,10,"pass",0,"deep",0,2,-13,0,1
"81","MIN","NE","NE","away","MIN",80,654,1554,3354,"Half1",1,1,10,"run",0,NA,3,3,-7,1,0
"82","MIN","NE","NE","away","MIN",80,620,1520,3320,"Half1",1,2,10,"run",2,NA,3,3,-7,1,0
"83","MIN","NE","NE","away","MIN",78,578,1478,3278,"Half1",1,3,8,"run",7,NA,3,3,-7,1,0
"84","MIN","NE","NE","away","MIN",1,417,1317,3117,"Half1",1,1,1,"run",0,NA,3,2,-7,1,0
"85","MIN","NE","NE","away","MIN",1,417,1317,3117,"Half1",1,2,1,"run",1,NA,3,2,-1,1,0
"86","MIN","NE","NE","away","MIN",70,283,1183,2983,"Half1",1,1,10,"pass",13,"short",3,2,0,0,1
"87","MIN","NE","NE","away","MIN",57,235,1135,2935,"Half1",1,1,10,"run",5,NA,3,2,0,1,0
"88","MIN","NE","NE","away","MIN",52,215,1115,2915,"Half1",1,2,5,"run",3,NA,3,2,0,1,0
"89","MIN","NE","NE","away","MIN",49,179,1079,2879,"Half1",1,3,2,"run",9,NA,3,2,0,1,0
"90","MIN","NE","NE","away","MIN",40,148,1048,2848,"Half1",1,1,10,"pass",13,"short",3,2,0,0,1
"91","MIN","NE","NE","away","MIN",27,105,1005,2805,"Half1",1,1,10,"pass",0,"short",3,2,0,0,1
"92","MIN","NE","NE","away","MIN",27,102,1002,2802,"Half1",1,2,10,"run",2,NA,3,2,0,1,0
"93","MIN","NE","NE","away","MIN",35,83,983,2783,"Half1",1,2,18,"run",7,NA,3,2,0,1,0
"94","MIN","NE","NE","away","MIN",28,49,949,2749,"Half1",1,3,11,"pass",-2,"short",3,2,0,0,1
"95","MIN","NE","NE","away","MIN",61,810,810,2610,"Half1",2,1,10,"run",0,NA,2,2,3,1,0
"96","MIN","NE","NE","away","MIN",61,766,766,2566,"Half1",2,2,10,"pass",6,"short",2,2,3,0,1
"97","MIN","NE","NE","away","MIN",65,707,707,2507,"Half1",2,3,14,"pass",44,"short",2,2,3,0,1
"98","MIN","NE","NE","away","MIN",21,698,698,2498,"Half1",2,1,10,"run",2,NA,2,2,3,1,0
"99","MIN","NE","NE","away","MIN",19,659,659,2459,"Half1",2,2,8,"pass",4,"short",2,2,3,0,1
"100","MIN","NE","NE","away","MIN",15,619,619,2419,"Half1",2,3,4,"pass",6,"short",2,2,3,0,1
"101","MIN","NE","NE","away","MIN",9,574,574,2374,"Half1",2,1,9,"pass",9,"short",2,2,9,0,1
"102","MIN","NE","NE","away","MIN",80,351,351,2151,"Half1",2,1,10,"run",7,NA,2,2,10,1,0
"103","MIN","NE","NE","away","MIN",73,317,317,2117,"Half1",2,2,3,"pass",12,"short",2,2,10,0,1
"104","MIN","NE","NE","away","MIN",61,290,290,2090,"Half1",2,1,10,"run",4,NA,2,2,10,1,0
"105","MIN","NE","NE","away","MIN",57,259,259,2059,"Half1",2,2,6,"run",5,NA,2,2,10,1,0
"106","MIN","NE","NE","away","MIN",52,225,225,2025,"Half1",2,3,1,"run",0,NA,2,2,10,1,0
"107","MIN","NE","NE","away","MIN",80,900,1800,1800,"Half2",3,1,10,"pass",6,"short",3,3,16,0,1
"108","MIN","NE","NE","away","MIN",74,866,1766,1766,"Half2",3,2,4,"run",6,NA,3,3,16,1,0
"109","MIN","NE","NE","away","MIN",68,838,1738,1738,"Half2",3,1,10,"pass",5,"short",3,3,16,0,1
"110","MIN","NE","NE","away","MIN",51,813,1713,1713,"Half2",3,1,10,"run",4,NA,3,3,16,1,0
"111","MIN","NE","NE","away","MIN",47,789,1689,1689,"Half2",3,2,6,"run",4,NA,3,3,16,1,0
"112","MIN","NE","NE","away","MIN",43,752,1652,1652,"Half2",3,3,2,"pass",0,"deep",3,3,16,0,1
"113","MIN","NE","NE","away","MIN",45,582,1482,1482,"Half2",3,1,10,"pass",11,"short",3,3,16,0,1
"114","MIN","NE","NE","away","MIN",34,551,1451,1451,"Half2",3,1,10,"run",6,NA,3,3,16,1,0
"115","MIN","NE","NE","away","MIN",28,523,1423,1423,"Half2",3,2,4,"pass",0,"short",3,3,16,0,1
"116","MIN","NE","NE","away","MIN",28,519,1419,1419,"Half2",3,3,4,"pass",0,"short",3,3,16,0,1
"117","MIN","NE","NE","away","MIN",55,406,1306,1306,"Half2",3,1,10,"pass",0,"short",3,3,19,0,1
"118","MIN","NE","NE","away","MIN",70,364,1264,1264,"Half2",3,1,25,"run",9,NA,3,3,19,1,0
"119","MIN","NE","NE","away","MIN",56,290,1190,1190,"Half2",3,2,11,"run",4,NA,3,3,19,1,0
"120","MIN","NE","NE","away","MIN",52,248,1148,1148,"Half2",3,3,7,"pass",10,"short",3,3,19,0,1
"121","MIN","NE","NE","away","MIN",42,213,1113,1113,"Half2",3,1,10,"pass",0,"short",3,3,19,0,1
"122","MIN","NE","NE","away","MIN",42,208,1108,1108,"Half2",3,2,10,"pass",12,"short",3,3,19,0,1
"123","MIN","NE","NE","away","MIN",30,186,1086,1086,"Half2",3,1,10,"run",2,NA,3,3,19,1,0
"124","MIN","NE","NE","away","MIN",12,136,1036,1036,"Half2",3,1,10,"run",3,NA,3,3,19,1,0
"125","MIN","NE","NE","away","MIN",19,82,982,982,"Half2",3,2,17,"run",-2,NA,3,3,19,1,0
"126","MIN","NE","NE","away","MIN",21,41,941,941,"Half2",3,3,19,"run",12,NA,3,3,19,1,0
"127","MIN","NE","NE","away","MIN",31,823,823,823,"Half2",4,1,10,"pass",-7,NA,3,3,22,0,1
"128","MIN","NE","NE","away","MIN",38,785,785,785,"Half2",4,2,17,"run",3,NA,3,3,22,1,0
"129","MIN","NE","NE","away","MIN",35,747,747,747,"Half2",4,3,14,"pass",0,"deep",3,3,22,0,1
"130","MIN","NE","NE","away","MIN",84,564,564,564,"Half2",4,1,10,"run",6,NA,3,3,22,1,0
"131","MIN","NE","NE","away","MIN",78,524,524,524,"Half2",4,2,4,"run",3,NA,3,3,22,1,0
"132","MIN","NE","NE","away","MIN",75,490,490,490,"Half2",4,3,1,"run",0,NA,3,3,22,1,0
"133","MIN","NE","NE","away","MIN",50,357,357,357,"Half2",4,1,10,"run",16,NA,3,3,22,1,0
"134","MIN","NE","NE","away","MIN",34,356,356,356,"Half2",4,1,10,"run",9,NA,3,3,22,1,0
"135","MIN","NE","NE","away","MIN",30,296,296,296,"Half2",4,2,6,"run",4,NA,3,3,22,1,0
"136","MIN","NE","NE","away","MIN",26,265,265,265,"Half2",4,3,2,"run",5,NA,3,3,22,1,0
"137","MIN","NE","NE","away","MIN",21,226,226,226,"Half2",4,1,10,"run",1,NA,3,3,22,1,0
"138","MIN","NE","NE","away","MIN",20,185,185,185,"Half2",4,2,9,"run",0,NA,3,3,22,1,0
"139","MIN","NE","NE","away","MIN",20,136,136,136,"Half2",4,3,9,"run",1,NA,2,3,22,1,0
"140","MIN","NE","NE","away","MIN",19,120,120,120,"Half2",4,4,8,"pass",0,"short",2,3,22,0,1
"141","NE","OAK","NE","home","OAK",82,704,1604,3404,"Half1",1,1,10,"pass",0,"short",3,3,0,0,1
"142","NE","OAK","NE","home","OAK",82,701,1601,3401,"Half1",1,2,10,"pass",0,"short",3,3,0,0,1
"143","NE","OAK","NE","home","OAK",82,697,1597,3397,"Half1",1,3,10,"pass",4,"short",3,3,0,0,1
"144","NE","OAK","NE","home","OAK",80,277,1177,2977,"Half1",1,1,10,"run",7,NA,3,1,-3,1,0
"145","NE","OAK","NE","home","OAK",73,248,1148,2948,"Half1",1,2,3,"run",2,NA,3,1,-3,1,0
"146","NE","OAK","NE","home","OAK",71,219,1119,2919,"Half1",1,3,1,"run",1,NA,3,1,-3,1,0
"147","NE","OAK","NE","home","OAK",70,186,1086,2886,"Half1",1,1,10,"run",11,NA,3,1,-3,1,0
"148","NE","OAK","NE","home","OAK",69,147,1047,2847,"Half1",1,1,20,"pass",-5,"short",3,1,-3,0,1
"149","NE","OAK","NE","home","OAK",74,110,1010,2810,"Half1",1,2,25,"run",2,NA,3,1,-3,1,0
"150","NE","OAK","NE","home","OAK",72,74,974,2774,"Half1",1,3,23,"pass",1,"short",3,1,-3,0,1
"151","NE","OAK","NE","home","OAK",84,657,657,2457,"Half1",2,1,10,"pass",12,"short",3,1,-3,0,1
"152","NE","OAK","NE","home","OAK",72,628,628,2428,"Half1",2,1,10,"pass",0,"short",3,1,-3,0,1
"153","NE","OAK","NE","home","OAK",72,623,623,2423,"Half1",2,2,10,"run",6,NA,3,1,-3,1,0
"154","NE","OAK","NE","home","OAK",66,592,592,2392,"Half1",2,3,4,"pass",8,"short",3,1,-3,0,1
"155","NE","OAK","NE","home","OAK",58,551,551,2351,"Half1",2,1,10,"pass",4,"short",3,1,-3,0,1
"156","NE","OAK","NE","home","OAK",54,526,526,2326,"Half1",2,2,6,"run",5,NA,3,1,-3,1,0
"157","NE","OAK","NE","home","OAK",49,501,501,2301,"Half1",2,3,1,"run",2,NA,3,1,-3,1,0
"158","NE","OAK","NE","home","OAK",47,471,471,2271,"Half1",2,1,10,"run",2,NA,3,1,-3,1,0
"159","NE","OAK","NE","home","OAK",45,438,438,2238,"Half1",2,2,8,"pass",0,"short",3,1,-3,0,1
"160","NE","OAK","NE","home","OAK",45,433,433,2233,"Half1",2,3,8,"pass",9,"short",3,1,-3,0,1
"161","NE","OAK","NE","home","OAK",36,392,392,2192,"Half1",2,1,10,"run",5,NA,3,0,-3,1,0
"162","NE","OAK","NE","home","OAK",31,365,365,2165,"Half1",2,2,5,"run",3,NA,3,0,-3,1,0
"163","NE","OAK","NE","home","OAK",14,340,340,2140,"Half1",2,1,10,"run",-1,NA,3,0,-3,1,0
"164","NE","OAK","NE","home","OAK",15,303,303,2103,"Half1",2,2,11,"pass",9,"short",3,0,-3,0,1
"165","NE","OAK","NE","home","OAK",6,258,258,2058,"Half1",2,3,2,"pass",6,"short",2,0,3,0,1
"166","NE","OAK","NE","home","OAK",50,165,165,1965,"Half1",2,1,10,"run",2,NA,2,0,4,1,0
"167","NE","OAK","NE","home","OAK",48,134,134,1934,"Half1",2,2,8,"pass",10,"short",2,0,4,0,1
"168","NE","OAK","NE","home","OAK",38,120,120,1920,"Half1",2,1,10,"run",9,NA,2,0,4,1,0
"169","NE","OAK","NE","home","OAK",29,96,96,1896,"Half1",2,2,1,"pass",16,"short",2,0,4,0,1
"170","NE","OAK","NE","home","OAK",13,71,71,1871,"Half1",2,1,10,"pass",4,"short",2,0,4,0,1
"171","NE","OAK","NE","home","OAK",9,66,66,1866,"Half1",2,2,6,"run",6,NA,1,0,4,1,0
"172","NE","OAK","NE","home","OAK",3,46,46,1846,"Half1",2,1,3,"run",1,NA,1,0,4,1,0
"173","NE","OAK","NE","home","OAK",2,12,12,1812,"Half1",2,2,2,"run",0,NA,1,0,4,1,0
"174","NE","OAK","NE","home","OAK",2,8,8,1808,"Half1",2,3,2,"pass",0,"short",0,0,4,0,1
"175","NE","OAK","NE","home","OAK",80,900,1800,1800,"Half2",3,1,10,"pass",3,"short",3,3,7,0,1
"176","NE","OAK","NE","home","OAK",77,879,1779,1779,"Half2",3,2,7,"run",-3,NA,3,3,7,1,0
"177","NE","OAK","NE","home","OAK",85,822,1722,1722,"Half2",3,3,15,"pass",-5,NA,3,3,7,0,1
"178","NE","OAK","NE","home","OAK",85,579,1479,1479,"Half2",3,1,15,"pass",15,"short",3,3,4,0,1
"179","NE","OAK","NE","home","OAK",70,555,1455,1455,"Half2",3,1,10,"run",0,NA,3,3,4,1,0
"180","NE","OAK","NE","home","OAK",70,524,1424,1424,"Half2",3,2,10,"pass",9,"short",3,3,4,0,1
"181","NE","OAK","NE","home","OAK",61,494,1394,1394,"Half2",3,3,1,"run",5,NA,3,3,4,1,0
"182","NE","OAK","NE","home","OAK",56,461,1361,1361,"Half2",3,1,10,"run",-1,NA,3,3,4,1,0
"183","NE","OAK","NE","home","OAK",57,424,1324,1324,"Half2",3,2,11,"pass",7,"short",3,3,4,0,1
"184","NE","OAK","NE","home","OAK",50,381,1281,1281,"Half2",3,3,4,"pass",0,"short",3,3,4,0,1
"185","NE","OAK","NE","home","OAK",59,134,1034,1034,"Half2",3,1,10,"pass",20,"short",3,3,1,0,1
"186","NE","OAK","NE","home","OAK",39,115,1015,1015,"Half2",3,1,10,"run",-1,NA,3,3,1,1,0
"187","NE","OAK","NE","home","OAK",40,84,984,984,"Half2",3,2,11,"pass",16,"short",3,3,1,0,1
"188","NE","OAK","NE","home","OAK",19,47,947,947,"Half2",3,1,10,"run",6,NA,3,3,1,1,0
"189","NE","OAK","NE","home","OAK",13,14,914,914,"Half2",3,2,4,"run",1,NA,3,3,1,1,0
"190","NE","OAK","NE","home","OAK",12,900,900,900,"Half2",4,3,3,"pass",10,"short",3,3,1,0,1
"191","NE","OAK","NE","home","OAK",2,873,873,873,"Half2",4,1,2,"run",0,NA,3,3,1,1,0
"192","NE","OAK","NE","home","OAK",2,833,833,833,"Half2",4,2,2,"pass",0,"short",3,3,1,0,1
"193","NE","OAK","NE","home","OAK",2,829,829,829,"Half2",4,3,2,"pass",0,"short",3,3,1,0,1
"194","NE","OAK","NE","home","OAK",81,675,675,675,"Half2",4,1,10,"pass",15,"short",3,3,4,0,1
"195","NE","OAK","NE","home","OAK",66,651,651,651,"Half2",4,1,10,"run",5,NA,3,3,4,1,0
"196","NE","OAK","NE","home","OAK",61,614,614,614,"Half2",4,2,5,"pass",0,"short",3,3,4,0,1
"197","NE","OAK","NE","home","OAK",71,588,588,588,"Half2",4,3,15,"pass",22,"deep",3,3,4,0,1
"198","NE","OAK","NE","home","OAK",49,556,556,556,"Half2",4,1,10,"pass",0,"deep",3,3,4,0,1
"199","NE","OAK","NE","home","OAK",49,550,550,550,"Half2",4,2,10,"run",5,NA,3,3,4,1,0
"200","NE","OAK","NE","home","OAK",44,505,505,505,"Half2",4,3,5,"pass",12,"short",3,3,4,0,1
"201","NE","OAK","NE","home","OAK",32,464,464,464,"Half2",4,1,10,"pass",12,"short",3,3,4,0,1
"202","NE","OAK","NE","home","OAK",20,427,427,427,"Half2",4,1,10,"run",2,NA,3,2,4,1,0
"203","NE","OAK","NE","home","OAK",18,392,392,392,"Half2",4,2,8,"pass",0,"short",3,2,4,0,1
"204","NE","OAK","NE","home","OAK",18,388,388,388,"Half2",4,3,8,"pass",0,"short",3,2,4,0,1
"205","NE","OAK","NE","home","OAK",73,318,318,318,"Half2",4,1,10,"run",1,NA,3,2,7,1,0
"206","NE","OAK","NE","home","OAK",72,283,283,283,"Half2",4,2,9,"pass",-8,NA,3,2,7,0,1
"207","NE","OAK","NE","home","OAK",80,244,244,244,"Half2",4,3,17,"pass",15,"short",3,2,7,0,1
"208","NE","OAK","NE","home","OAK",96,3,3,3,"Half2",4,4,17,"pass",0,"deep",2,0,7,0,1
"209","KC","NE","NE","away","KC",90,556,1456,3256,"Half1",1,1,10,"pass",4,"short",3,3,0,0,1
"210","KC","NE","NE","away","KC",86,512,1412,3212,"Half1",1,2,6,"pass",0,"deep",3,3,0,0,1
"211","KC","NE","NE","away","KC",86,507,1407,3207,"Half1",1,3,6,"pass",0,"short",3,3,0,0,1
"212","KC","NE","NE","away","KC",80,135,1035,2835,"Half1",1,1,10,"run",2,NA,3,3,-7,1,0
"213","KC","NE","NE","away","KC",78,97,997,2797,"Half1",1,2,8,"pass",8,"short",3,3,-7,0,1
"214","KC","NE","NE","away","KC",70,63,963,2763,"Half1",1,1,10,"run",6,NA,3,3,-7,1,0
"215","KC","NE","NE","away","KC",64,31,931,2731,"Half1",1,2,4,"run",0,NA,3,3,-7,1,0
"216","KC","NE","NE","away","KC",64,900,900,2700,"Half1",2,3,4,"pass",14,"short",3,3,-7,0,1
"217","KC","NE","NE","away","KC",50,871,871,2671,"Half1",2,1,10,"run",7,NA,3,3,-7,1,0
"218","KC","NE","NE","away","KC",43,829,829,2629,"Half1",2,2,3,"pass",1,"short",3,3,-7,0,1
"219","KC","NE","NE","away","KC",42,788,788,2588,"Half1",2,3,2,"run",0,NA,3,3,-7,1,0
"220","KC","NE","NE","away","KC",80,658,658,2458,"Half1",2,1,10,"pass",7,"short",3,3,-14,0,1
"221","KC","NE","NE","away","KC",73,619,619,2419,"Half1",2,2,3,"pass",7,"short",3,3,-14,0,1
"222","KC","NE","NE","away","KC",66,590,590,2390,"Half1",2,1,10,"pass",0,"deep",3,3,-14,0,1
"223","KC","NE","NE","away","KC",66,583,583,2383,"Half1",2,2,10,"pass",7,"short",3,3,-14,0,1
"224","KC","NE","NE","away","KC",54,522,522,2322,"Half1",2,1,10,"run",2,NA,3,3,-14,1,0
"225","KC","NE","NE","away","KC",52,484,484,2284,"Half1",2,2,8,"pass",0,"short",3,3,-14,0,1
"226","KC","NE","NE","away","KC",52,480,480,2280,"Half1",2,3,8,"pass",6,"short",3,3,-14,0,1
"227","KC","NE","NE","away","KC",91,235,235,2035,"Half1",2,1,10,"pass",18,"deep",3,2,-14,0,1
"228","KC","NE","NE","away","KC",73,203,203,2003,"Half1",2,1,10,"run",7,NA,3,2,-14,1,0
"229","KC","NE","NE","away","KC",66,170,170,1970,"Half1",2,2,3,"pass",0,"short",3,2,-14,0,1
"230","KC","NE","NE","away","KC",66,163,163,1963,"Half1",2,3,3,"pass",0,"short",3,2,-14,0,1
"231","KC","NE","NE","away","KC",80,900,1800,1800,"Half2",3,1,10,"pass",4,"short",3,3,-17,0,1
"232","KC","NE","NE","away","KC",76,866,1766,1766,"Half2",3,2,6,"pass",0,"deep",3,3,-17,0,1
"233","KC","NE","NE","away","KC",76,860,1760,1760,"Half2",3,3,6,"pass",-3,NA,3,3,-17,0,1
"234","KC","NE","NE","away","KC",99,598,1498,1498,"Half2",3,1,10,"pass",10,"short",3,3,-17,0,1
"235","KC","NE","NE","away","KC",89,567,1467,1467,"Half2",3,1,10,"run",3,NA,3,3,-17,1,0
"236","KC","NE","NE","away","KC",86,525,1425,1425,"Half2",3,2,7,"pass",-5,NA,3,3,-17,0,1
"237","KC","NE","NE","away","KC",80,471,1371,1371,"Half2",3,1,10,"run",5,NA,3,3,-24,1,0
"238","KC","NE","NE","away","KC",75,435,1335,1335,"Half2",3,2,5,"pass",0,"deep",3,3,-24,0,1
"239","KC","NE","NE","away","KC",81,324,1224,1224,"Half2",3,1,10,"run",9,NA,3,3,-27,1,0
"240","KC","NE","NE","away","KC",72,289,1189,1189,"Half2",3,2,1,"run",0,NA,3,3,-27,1,0
"241","KC","NE","NE","away","KC",72,257,1157,1157,"Half2",3,3,1,"pass",28,"short",3,3,-27,0,1
"242","KC","NE","NE","away","KC",44,215,1115,1115,"Half2",3,1,10,"pass",44,"short",3,3,-21,0,1
"243","KC","NE","NE","away","KC",80,711,711,711,"Half2",4,1,10,"run",5,NA,3,3,-27,1,0
"244","KC","NE","NE","away","KC",75,682,682,682,"Half2",4,2,5,"pass",1,"short",3,3,-27,0,1
"245","KC","NE","NE","away","KC",81,628,628,628,"Half2",4,1,10,"pass",5,"short",3,3,-33,0,1
"246","KC","NE","NE","away","KC",76,598,598,598,"Half2",4,2,5,"run",11,NA,3,3,-33,1,0
"247","KC","NE","NE","away","KC",65,568,568,568,"Half2",4,1,10,"run",7,NA,3,3,-33,1,0
"248","KC","NE","NE","away","KC",58,525,525,525,"Half2",4,2,3,"run",8,NA,3,3,-33,1,0
"249","KC","NE","NE","away","KC",50,504,504,504,"Half2",4,1,10,"pass",0,"deep",3,3,-33,0,1
"250","KC","NE","NE","away","KC",50,497,497,497,"Half2",4,2,10,"pass",37,"short",3,3,-33,0,1
"251","KC","NE","NE","away","KC",13,453,453,453,"Half2",4,1,10,"pass",13,"short",3,3,-27,0,1
"252","KC","NE","NE","away","KC",83,296,296,296,"Half2",4,1,10,"pass",1,"short",3,3,-26,0,1
"253","KC","NE","NE","away","KC",82,261,261,261,"Half2",4,2,9,"pass",11,"short",3,3,-26,0,1
"254","KC","NE","NE","away","KC",71,228,228,228,"Half2",4,1,10,"pass",3,"short",3,3,-26,0,1
"255","KC","NE","NE","away","KC",68,198,198,198,"Half2",4,2,7,"run",3,NA,3,3,-26,1,0
"256","KC","NE","NE","away","KC",80,163,163,163,"Half2",4,3,19,"pass",-6,NA,3,3,-26,0,1
"257","NE","CIN","NE","home","CIN",80,900,1800,3600,"Half1",1,1,10,"pass",20,"deep",3,3,0,0,1
"258","NE","CIN","NE","home","CIN",60,873,1773,3573,"Half1",1,1,10,"run",9,NA,3,3,0,1,0
"259","NE","CIN","NE","home","CIN",51,849,1749,3549,"Half1",1,2,1,"run",7,NA,3,3,0,1,0
"260","NE","CIN","NE","home","CIN",44,821,1721,3521,"Half1",1,1,10,"pass",30,"deep",3,3,0,0,1
"261","NE","CIN","NE","home","CIN",14,784,1684,3484,"Half1",1,1,10,"run",6,NA,3,3,0,1,0
"262","NE","CIN","NE","home","CIN",8,745,1645,3445,"Half1",1,2,4,"run",3,NA,3,3,0,1,0
"263","NE","CIN","NE","home","CIN",5,712,1612,3412,"Half1",1,3,1,"run",0,NA,3,3,0,1,0
"264","NE","CIN","NE","home","CIN",5,672,1572,3372,"Half1",1,4,1,"run",4,NA,3,3,0,1,0
"265","NE","CIN","NE","home","CIN",1,645,1545,3345,"Half1",1,1,1,"run",0,NA,3,3,0,1,0
"266","NE","CIN","NE","home","CIN",1,606,1506,3306,"Half1",1,2,1,"run",1,NA,3,3,6,1,0
"267","NE","CIN","NE","home","CIN",58,345,1245,3045,"Half1",1,1,10,"pass",4,"short",3,3,7,0,1
"268","NE","CIN","NE","home","CIN",54,319,1219,3019,"Half1",1,2,6,"run",8,NA,3,3,7,1,0
"269","NE","CIN","NE","home","CIN",46,295,1195,2995,"Half1",1,1,10,"run",2,NA,3,3,7,1,0
"270","NE","CIN","NE","home","CIN",44,260,1160,2960,"Half1",1,2,8,"pass",0,"short",3,2,7,0,1
"271","NE","CIN","NE","home","CIN",44,255,1155,2955,"Half1",1,3,8,"pass",27,"short",3,2,7,0,1
"272","NE","CIN","NE","home","CIN",17,196,1096,2896,"Half1",1,1,10,"pass",17,"short",3,2,13,0,1
"273","NE","CIN","NE","home","CIN",73,110,1010,2810,"Half1",1,1,10,"run",5,NA,3,2,14,1,0
"274","NE","CIN","NE","home","CIN",68,90,990,2790,"Half1",1,2,5,"pass",2,"short",3,2,14,0,1
"275","NE","CIN","NE","home","CIN",66,67,967,2767,"Half1",1,3,3,"pass",14,"short",3,2,14,0,1
"276","NE","CIN","NE","home","CIN",67,30,930,2730,"Half1",1,1,10,"pass",-7,NA,3,2,14,0,1
"277","NE","CIN","NE","home","CIN",52,894,894,2694,"Half1",2,1,10,"run",2,NA,3,2,14,1,0
"278","NE","CIN","NE","home","CIN",50,853,853,2653,"Half1",2,2,8,"pass",0,"deep",3,2,14,0,1
"279","NE","CIN","NE","home","CIN",72,699,699,2499,"Half1",2,1,10,"run",7,NA,2,2,14,1,0
"280","NE","CIN","NE","home","CIN",65,678,678,2478,"Half1",2,2,3,"run",3,NA,2,2,14,1,0
"281","NE","CIN","NE","home","CIN",76,638,638,2438,"Half1",2,1,24,"pass",3,"short",2,2,14,0,1
"282","NE","CIN","NE","home","CIN",73,599,599,2399,"Half1",2,2,21,"pass",0,"deep",2,2,14,0,1
"283","NE","CIN","NE","home","CIN",73,593,593,2393,"Half1",2,3,21,"run",15,NA,2,2,14,1,0
"284","NE","CIN","NE","home","CIN",80,273,273,2073,"Half1",2,1,10,"pass",0,"short",2,2,11,0,1
"285","NE","CIN","NE","home","CIN",80,269,269,2069,"Half1",2,2,10,"run",11,NA,2,2,11,1,0
"286","NE","CIN","NE","home","CIN",69,239,239,2039,"Half1",2,1,10,"pass",10,"short",2,2,11,0,1
"287","NE","CIN","NE","home","CIN",59,231,231,2031,"Half1",2,1,10,"run",10,NA,2,2,11,1,0
"288","NE","CIN","NE","home","CIN",49,207,207,2007,"Half1",2,1,10,"pass",0,"deep",2,2,11,0,1
"289","NE","CIN","NE","home","CIN",49,205,205,2005,"Half1",2,2,10,"run",5,NA,2,2,11,1,0
"290","NE","CIN","NE","home","CIN",44,163,163,1963,"Half1",2,3,5,"pass",7,"short",2,2,11,0,1
"291","NE","CIN","NE","home","CIN",37,127,127,1927,"Half1",2,1,10,"run",0,NA,2,2,11,1,0
"292","NE","CIN","NE","home","CIN",37,120,120,1920,"Half1",2,2,10,"run",7,NA,2,2,11,1,0
"293","NE","CIN","NE","home","CIN",30,81,81,1881,"Half1",2,3,3,"pass",0,"short",2,2,11,0,1
"294","NE","CIN","NE","home","CIN",25,60,60,1860,"Half1",2,1,10,"pass",19,"deep",2,2,14,0,1
"295","NE","CIN","NE","home","CIN",6,30,30,1830,"Half1",2,1,6,"run",3,NA,2,2,14,1,0
"296","NE","CIN","NE","home","CIN",3,24,24,1824,"Half1",2,2,3,"pass",0,"short",1,2,14,0,1
"297","NE","CIN","NE","home","CIN",3,19,19,1819,"Half1",2,3,3,"run",2,NA,1,2,14,1,0
"298","NE","CIN","NE","home","CIN",69,836,1736,1736,"Half2",3,1,10,"pass",11,"short",3,3,17,0,1
"299","NE","CIN","NE","home","CIN",58,804,1704,1704,"Half2",3,1,10,"run",-3,NA,3,3,17,1,0
"300","NE","CIN","NE","home","CIN",66,755,1655,1655,"Half2",3,2,18,"pass",-3,"short",3,3,17,0,1
"301","NE","CIN","NE","home","CIN",69,727,1627,1627,"Half2",3,3,21,"pass",7,"short",3,3,17,0,1
"302","NE","CIN","NE","home","CIN",86,683,1583,1583,"Half2",3,1,10,"run",1,NA,3,3,10,1,0
"303","NE","CIN","NE","home","CIN",85,648,1548,1548,"Half2",3,2,9,"pass",17,"deep",3,3,10,0,1
"304","NE","CIN","NE","home","CIN",68,616,1516,1516,"Half2",3,1,10,"run",0,NA,3,3,10,1,0
"305","NE","CIN","NE","home","CIN",68,580,1480,1480,"Half2",3,2,10,"pass",25,"deep",3,3,10,0,1
"306","NE","CIN","NE","home","CIN",43,541,1441,1441,"Half2",3,1,10,"run",14,NA,3,3,10,1,0
"307","NE","CIN","NE","home","CIN",29,498,1398,1398,"Half2",3,1,10,"run",4,NA,3,3,10,1,0
"308","NE","CIN","NE","home","CIN",35,452,1352,1352,"Half2",3,2,16,"pass",0,"short",3,3,10,0,1
"309","NE","CIN","NE","home","CIN",35,448,1348,1348,"Half2",3,3,16,"run",19,NA,3,3,10,1,0
"310","NE","CIN","NE","home","CIN",16,405,1305,1305,"Half2",3,1,10,"run",0,NA,3,3,10,1,0
"311","NE","CIN","NE","home","CIN",16,371,1271,1271,"Half2",3,2,10,"pass",16,"short",3,3,16,0,1
"312","NE","CIN","NE","home","CIN",80,223,1123,1123,"Half2",3,1,10,"pass",14,"short",3,3,16,0,1
"313","NE","CIN","NE","home","CIN",66,198,1098,1098,"Half2",3,1,10,"run",1,NA,3,3,16,1,0
"314","NE","CIN","NE","home","CIN",65,155,1055,1055,"Half2",3,2,9,"pass",11,"short",3,3,16,0,1
"315","NE","CIN","NE","home","CIN",54,133,1033,1033,"Half2",3,1,10,"run",-1,NA,3,3,16,1,0
"316","NE","CIN","NE","home","CIN",55,92,992,992,"Half2",3,2,11,"run",43,NA,3,3,16,1,0
"317","NE","CIN","NE","home","CIN",12,57,957,957,"Half2",3,1,10,"run",3,NA,3,3,16,1,0
"318","NE","CIN","NE","home","CIN",9,16,916,916,"Half2",3,2,7,"pass",4,"short",3,3,16,0,1
"319","NE","CIN","NE","home","CIN",5,900,900,900,"Half2",4,3,3,"pass",0,"short",3,3,16,0,1
"320","NE","CIN","NE","home","CIN",72,734,734,734,"Half2",4,1,10,"pass",14,"short",3,3,19,0,1
"321","NE","CIN","NE","home","CIN",58,696,696,696,"Half2",4,1,10,"run",7,NA,3,3,19,1,0
"322","NE","CIN","NE","home","CIN",51,655,655,655,"Half2",4,2,3,"run",0,NA,3,3,19,1,0
"323","NE","CIN","NE","home","CIN",51,619,619,619,"Half2",4,3,3,"run",9,NA,3,3,19,1,0
"324","NE","CIN","NE","home","CIN",42,588,588,588,"Half2",4,1,10,"run",2,NA,3,3,19,1,0
"325","NE","CIN","NE","home","CIN",35,562,562,562,"Half2",4,1,10,"run",5,NA,3,3,19,1,0
"326","NE","CIN","NE","home","CIN",30,522,522,522,"Half2",4,2,5,"run",1,NA,3,3,19,1,0
"327","NE","CIN","NE","home","CIN",29,482,482,482,"Half2",4,3,4,"pass",0,"short",3,3,19,0,1
"328","NE","CIN","NE","home","CIN",49,426,426,426,"Half2",4,1,10,"pass",16,"short",3,3,22,0,1
"329","NE","CIN","NE","home","CIN",33,382,382,382,"Half2",4,1,10,"run",5,NA,3,3,22,1,0
"330","NE","CIN","NE","home","CIN",28,341,341,341,"Half2",4,2,5,"run",0,NA,3,3,22,1,0
"331","NE","CIN","NE","home","CIN",28,296,296,296,"Half2",4,3,5,"pass",7,"short",3,3,22,0,1
"332","NE","CIN","NE","home","CIN",21,260,260,260,"Half2",4,1,10,"run",1,NA,3,3,22,1,0
"333","NE","CIN","NE","home","CIN",20,228,228,228,"Half2",4,2,9,"pass",0,"short",3,3,22,0,1
"334","NE","CIN","NE","home","CIN",20,222,222,222,"Half2",4,3,9,"run",3,NA,3,3,22,1,0
"335","BUF","NE","NE","away","BUF",63,806,1706,3506,"Half1",1,1,10,"pass",7,"short",3,3,0,0,1
"336","BUF","NE","NE","away","BUF",56,764,1664,3464,"Half1",1,2,3,"run",-2,NA,3,3,0,1,0
"337","BUF","NE","NE","away","BUF",58,724,1624,3424,"Half1",1,3,5,"pass",10,"short",3,3,0,0,1
"338","BUF","NE","NE","away","BUF",48,691,1591,3391,"Half1",1,1,10,"pass",0,"deep",3,3,0,0,1
"339","BUF","NE","NE","away","BUF",48,687,1587,3387,"Half1",1,2,10,"pass",0,"deep",3,3,0,0,1
"340","BUF","NE","NE","away","BUF",53,680,1580,3380,"Half1",1,3,15,"run",2,NA,2,3,0,1,0
"341","BUF","NE","NE","away","BUF",80,399,1299,3099,"Half1",1,1,10,"pass",0,"deep",2,3,0,0,1
"342","BUF","NE","NE","away","BUF",80,392,1292,3092,"Half1",1,2,10,"run",9,NA,2,3,0,1,0
"343","BUF","NE","NE","away","BUF",71,354,1254,3054,"Half1",1,3,1,"pass",9,"short",2,3,0,0,1
"344","BUF","NE","NE","away","BUF",62,320,1220,3020,"Half1",1,1,10,"pass",15,"short",2,3,0,0,1
"345","BUF","NE","NE","away","BUF",47,269,1169,2969,"Half1",1,1,10,"pass",6,"short",2,3,0,0,1
"346","BUF","NE","NE","away","BUF",41,238,1138,2938,"Half1",1,2,4,"run",3,NA,2,3,0,1,0
"347","BUF","NE","NE","away","BUF",38,202,1102,2902,"Half1",1,3,1,"run",0,NA,2,3,0,1,0
"348","BUF","NE","NE","away","BUF",23,172,1072,2872,"Half1",1,1,10,"pass",6,"short",2,3,0,0,1
"349","BUF","NE","NE","away","BUF",17,137,1037,2837,"Half1",1,2,4,"run",3,NA,2,3,0,1,0
"350","BUF","NE","NE","away","BUF",14,98,998,2798,"Half1",1,3,1,"run",0,NA,2,3,0,1,0
"351","BUF","NE","NE","away","BUF",61,893,893,2693,"Half1",2,1,10,"pass",8,"short",2,3,0,0,1
"352","BUF","NE","NE","away","BUF",53,859,859,2659,"Half1",2,2,2,"pass",0,"short",2,3,0,0,1
"353","BUF","NE","NE","away","BUF",53,854,854,2654,"Half1",2,3,2,"pass",13,"short",2,3,0,0,1
"354","BUF","NE","NE","away","BUF",40,822,822,2622,"Half1",2,1,10,"run",10,NA,2,3,0,1,0
"355","BUF","NE","NE","away","BUF",1,788,788,2588,"Half1",2,1,1,"pass",1,"short",2,3,6,0,1
"356","BUF","NE","NE","away","BUF",68,641,641,2441,"Half1",2,1,10,"pass",-9,NA,2,3,7,0,1
"357","BUF","NE","NE","away","BUF",77,601,601,2401,"Half1",2,2,19,"run",2,NA,2,3,7,1,0
"358","BUF","NE","NE","away","BUF",75,564,564,2364,"Half1",2,3,17,"run",1,NA,2,3,7,1,0
"359","BUF","NE","NE","away","BUF",80,232,232,2032,"Half1",2,1,10,"pass",2,"short",2,3,0,0,1
"360","BUF","NE","NE","away","BUF",78,193,193,1993,"Half1",2,2,8,"run",1,NA,2,3,0,1,0
"361","BUF","NE","NE","away","BUF",77,152,152,1952,"Half1",2,3,7,"pass",0,"short",2,3,0,0,1
"362","BUF","NE","NE","away","BUF",24,129,129,1929,"Half1",2,1,10,"run",0,NA,2,3,0,1,0
"363","BUF","NE","NE","away","BUF",24,114,114,1914,"Half1",2,2,10,"pass",0,"short",2,3,0,0,1
"364","BUF","NE","NE","away","BUF",24,110,110,1910,"Half1",2,3,10,"pass",0,"short",2,3,0,0,1
"365","BUF","NE","NE","away","BUF",58,52,52,1852,"Half1",2,1,10,"pass",3,"short",1,3,3,0,1
"366","BUF","NE","NE","away","BUF",55,30,30,1830,"Half1",2,2,7,"pass",0,"short",1,3,3,0,1
"367","BUF","NE","NE","away","BUF",55,30,30,1830,"Half1",2,3,7,"pass",-6,NA,1,3,3,0,1
"368","BUF","NE","NE","away","BUF",42,6,6,1806,"Half1",2,1,10,"pass",7,"short",1,2,3,0,1
"369","BUF","NE","NE","away","BUF",80,900,1800,1800,"Half2",3,1,10,"pass",9,"short",3,3,6,0,1
"370","BUF","NE","NE","away","BUF",71,882,1782,1782,"Half2",3,2,1,"run",10,NA,3,3,6,1,0
"371","BUF","NE","NE","away","BUF",61,863,1763,1763,"Half2",3,1,10,"pass",5,"short",3,3,6,0,1
"372","BUF","NE","NE","away","BUF",56,843,1743,1743,"Half2",3,2,5,"run",1,NA,3,3,6,1,0
"373","BUF","NE","NE","away","BUF",60,788,1688,1688,"Half2",3,3,9,"pass",17,"short",3,3,6,0,1
"374","BUF","NE","NE","away","BUF",43,758,1658,1658,"Half2",3,1,10,"pass",43,"deep",3,3,12,0,1
"375","BUF","NE","NE","away","BUF",78,326,1226,1226,"Half2",3,1,10,"pass",33,"deep",3,3,6,0,1
"376","BUF","NE","NE","away","BUF",45,292,1192,1192,"Half2",3,1,10,"run",1,NA,3,3,6,1,0
"377","BUF","NE","NE","away","BUF",27,245,1145,1145,"Half2",3,1,10,"run",-2,NA,3,3,6,1,0
"378","BUF","NE","NE","away","BUF",29,215,1115,1115,"Half2",3,2,12,"pass",7,"short",3,3,6,0,1
"379","BUF","NE","NE","away","BUF",22,197,1097,1097,"Half2",3,3,5,"pass",0,"short",3,3,6,0,1
"380","BUF","NE","NE","away","BUF",80,890,890,890,"Half2",4,1,10,"run",0,NA,3,3,9,1,0
"381","BUF","NE","NE","away","BUF",80,852,852,852,"Half2",4,2,10,"pass",17,"short",3,3,9,0,1
"382","BUF","NE","NE","away","BUF",63,835,835,835,"Half2",4,1,10,"run",1,NA,3,3,9,1,0
"383","BUF","NE","NE","away","BUF",62,803,803,803,"Half2",4,2,9,"pass",5,"short",3,3,9,0,1
"384","BUF","NE","NE","away","BUF",42,790,790,790,"Half2",4,1,10,"pass",9,"short",3,3,9,0,1
"385","BUF","NE","NE","away","BUF",42,764,764,764,"Half2",4,1,10,"run",9,NA,3,3,9,1,0
"386","BUF","NE","NE","away","BUF",33,764,764,764,"Half2",4,2,1,"run",0,NA,3,3,9,1,0
"387","BUF","NE","NE","away","BUF",33,722,722,722,"Half2",4,3,1,"run",4,NA,3,3,9,1,0
"388","BUF","NE","NE","away","BUF",29,686,686,686,"Half2",4,1,10,"run",5,NA,3,3,9,1,0
"389","BUF","NE","NE","away","BUF",24,651,651,651,"Half2",4,2,5,"run",8,NA,3,3,9,1,0
"390","BUF","NE","NE","away","BUF",16,612,612,612,"Half2",4,1,10,"run",-2,NA,3,3,9,1,0
"391","BUF","NE","NE","away","BUF",28,569,569,569,"Half2",4,2,22,"pass",10,"short",3,3,9,0,1
"392","BUF","NE","NE","away","BUF",18,527,527,527,"Half2",4,3,12,"pass",18,"short",3,3,15,0,1
"393","BUF","NE","NE","away","BUF",93,352,352,352,"Half2",4,1,10,"pass",8,"short",3,3,8,0,1
"394","BUF","NE","NE","away","BUF",85,313,313,313,"Half2",4,1,15,"pass",20,"short",3,3,8,0,1
"395","BUF","NE","NE","away","BUF",70,270,270,270,"Half2",4,1,15,"pass",0,"short",3,3,8,0,1
"396","BUF","NE","NE","away","BUF",70,266,266,266,"Half2",4,2,15,"run",-1,NA,3,3,8,1,0
"397","BUF","NE","NE","away","BUF",71,228,228,228,"Half2",4,3,16,"pass",17,"deep",3,3,8,0,1
"398","BUF","NE","NE","away","BUF",54,187,187,187,"Half2",4,1,10,"run",-2,NA,3,3,8,1,0
"399","BUF","NE","NE","away","BUF",56,180,180,180,"Half2",4,2,12,"pass",56,"deep",3,2,14,0,1
"400","NE","NYJ","NE","home","NYJ",80,900,1800,3600,"Half1",1,1,10,"run",4,NA,3,3,0,1,0
"401","NE","NYJ","NE","home","NYJ",76,869,1769,3569,"Half1",1,2,6,"pass",24,"short",3,3,0,0,1
"402","NE","NYJ","NE","home","NYJ",52,843,1743,3543,"Half1",1,1,10,"pass",3,"short",3,3,0,0,1
"403","NE","NYJ","NE","home","NYJ",49,820,1720,3520,"Half1",1,2,7,"pass",49,"deep",3,3,6,0,1
"404","NE","NYJ","NE","home","NYJ",70,384,1284,3084,"Half1",1,1,10,"pass",0,"short",3,3,4,0,1
"405","NE","NYJ","NE","home","NYJ",70,381,1281,3081,"Half1",1,2,10,"run",5,NA,3,3,4,1,0
"406","NE","NYJ","NE","home","NYJ",65,352,1252,3052,"Half1",1,3,5,"pass",0,"short",3,3,4,0,1
"407","NE","NYJ","NE","home","NYJ",91,14,914,2714,"Half1",1,1,10,"pass",3,"short",3,3,1,0,1
"408","NE","NYJ","NE","home","NYJ",88,900,900,2700,"Half1",2,2,7,"pass",4,"short",3,3,1,0,1
"409","NE","NYJ","NE","home","NYJ",84,867,867,2667,"Half1",2,3,3,"pass",0,"deep",3,3,1,0,1
"410","NE","NYJ","NE","home","NYJ",85,472,472,2272,"Half1",2,1,15,"pass",16,"deep",3,2,-2,0,1
"411","NE","NYJ","NE","home","NYJ",69,459,459,2259,"Half1",2,1,10,"run",3,NA,3,2,-2,1,0
"412","NE","NYJ","NE","home","NYJ",66,434,434,2234,"Half1",2,2,7,"pass",0,"short",3,2,-2,0,1
"413","NE","NYJ","NE","home","NYJ",66,430,430,2230,"Half1",2,3,7,"pass",16,"short",3,2,-2,0,1
"414","NE","NYJ","NE","home","NYJ",50,397,397,2197,"Half1",2,1,10,"pass",23,"deep",3,2,-2,0,1
"415","NE","NYJ","NE","home","NYJ",27,352,352,2152,"Half1",2,1,10,"pass",0,"deep",3,2,-2,0,1
"416","NE","NYJ","NE","home","NYJ",27,344,344,2144,"Half1",2,2,10,"run",17,NA,3,2,-2,1,0
"417","NE","NYJ","NE","home","NYJ",10,332,332,2132,"Half1",2,1,10,"pass",-1,NA,3,2,-2,0,1
"418","NE","NYJ","NE","home","NYJ",11,296,296,2096,"Half1",2,2,11,"pass",8,"short",3,2,-2,0,1
"419","NE","NYJ","NE","home","NYJ",3,268,268,2068,"Half1",2,3,3,"pass",3,"short",3,2,4,0,1
"420","NE","NYJ","NE","home","NYJ",69,55,55,1855,"Half1",2,1,5,"pass",0,"short",2,2,2,0,1
"421","NE","NYJ","NE","home","NYJ",69,51,51,1851,"Half1",2,2,5,"pass",5,"short",2,2,2,0,1
"422","NE","NYJ","NE","home","NYJ",64,46,46,1846,"Half1",2,1,10,"pass",20,"deep",2,2,2,0,1
"423","NE","NYJ","NE","home","NYJ",44,38,38,1838,"Half1",2,1,10,"pass",0,"short",2,2,2,0,1
"424","NE","NYJ","NE","home","NYJ",44,34,34,1834,"Half1",2,2,10,"pass",0,"short",2,2,2,0,1
"425","NE","NYJ","NE","home","NYJ",12,23,23,1823,"Half1",2,1,10,"pass",0,"short",2,2,2,0,1
"426","NE","NYJ","NE","home","NYJ",27,11,11,1811,"Half1",2,3,25,"run",6,NA,2,2,2,1,0
"427","NE","NYJ","NE","home","NYJ",71,530,1430,1430,"Half2",3,1,10,"run",4,NA,3,2,-2,1,0
"428","NE","NYJ","NE","home","NYJ",67,509,1409,1409,"Half2",3,2,6,"pass",3,"short",3,2,-2,0,1
"429","NE","NYJ","NE","home","NYJ",64,474,1374,1374,"Half2",3,3,3,"pass",10,"short",3,2,-2,0,1
"430","NE","NYJ","NE","home","NYJ",44,418,1318,1318,"Half2",3,1,10,"run",6,NA,3,2,-2,1,0
"431","NE","NYJ","NE","home","NYJ",38,396,1296,1296,"Half2",3,2,4,"run",3,NA,3,2,-2,1,0
"432","NE","NYJ","NE","home","NYJ",35,367,1267,1267,"Half2",3,3,1,"run",8,NA,3,2,-2,1,0
"433","NE","NYJ","NE","home","NYJ",27,334,1234,1234,"Half2",3,1,10,"pass",0,"deep",3,2,-2,0,1
"434","NE","NYJ","NE","home","NYJ",27,327,1227,1227,"Half2",3,2,10,"run",1,NA,3,2,-2,1,0
"435","NE","NYJ","NE","home","NYJ",26,299,1199,1199,"Half2",3,3,9,"pass",8,"short",3,1,-2,0,1
"436","NE","NYJ","NE","home","NYJ",87,97,997,997,"Half2",3,1,10,"pass",0,"short",3,1,1,0,1
"437","NE","NYJ","NE","home","NYJ",87,93,993,993,"Half2",3,2,10,"run",6,NA,3,1,1,1,0
"438","NE","NYJ","NE","home","NYJ",81,58,958,958,"Half2",3,3,4,"pass",0,"short",3,1,1,0,1
"439","NE","NYJ","NE","home","NYJ",66,810,810,810,"Half2",4,1,10,"pass",0,"deep",3,1,1,0,1
"440","NE","NYJ","NE","home","NYJ",66,804,804,804,"Half2",4,2,10,"pass",0,"short",3,1,1,0,1
"441","NE","NYJ","NE","home","NYJ",66,799,799,799,"Half2",4,3,10,"pass",4,"short",3,1,1,0,1
"442","NE","NYJ","NE","home","NYJ",46,651,651,651,"Half2",4,1,10,"pass",0,"short",3,1,1,0,1
"443","NE","NYJ","NE","home","NYJ",46,646,646,646,"Half2",4,2,10,"pass",5,"short",3,1,1,0,1
"444","NE","NYJ","NE","home","NYJ",41,607,607,607,"Half2",4,3,5,"pass",14,"short",3,1,1,0,1
"445","NE","NYJ","NE","home","NYJ",27,578,578,578,"Half2",4,1,10,"pass",24,"short",3,1,1,0,1
"446","NE","NYJ","NE","home","NYJ",3,556,556,556,"Half2",4,1,3,"run",-1,NA,3,1,1,1,0
"447","NE","NYJ","NE","home","NYJ",19,478,478,478,"Half2",4,2,19,"pass",0,"short",3,1,1,0,1
"448","NE","NYJ","NE","home","NYJ",19,475,475,475,"Half2",4,3,19,"pass",19,"deep",3,1,7,0,1
"449","NE","NYJ","NE","home","NYJ",46,150,150,150,"Half2",4,1,10,"run",0,NA,3,1,2,1,0
"450","NE","NYJ","NE","home","NYJ",46,146,146,146,"Half2",4,2,10,"run",-3,NA,3,0,2,1,0
"451","NE","NYJ","NE","home","NYJ",49,120,120,120,"Half2",4,3,13,"run",4,NA,3,0,2,1,0
"452","NE","CHI","NE","home","CHI",55,723,1623,3423,"Half1",1,1,10,"pass",19,"short",3,3,0,0,1
"453","NE","CHI","NE","home","CHI",36,690,1590,3390,"Half1",1,1,10,"run",19,NA,3,3,0,1,0
"454","NE","CHI","NE","home","CHI",17,652,1552,3352,"Half1",1,1,10,"run",8,NA,3,3,0,1,0
"455","NE","CHI","NE","home","CHI",9,620,1520,3320,"Half1",1,2,2,"run",3,NA,3,3,0,1,0
"456","NE","CHI","NE","home","CHI",6,591,1491,3291,"Half1",1,1,6,"pass",6,"short",3,3,6,0,1
"457","NE","CHI","NE","home","CHI",73,422,1322,3122,"Half1",1,1,10,"pass",12,"short",3,3,7,0,1
"458","NE","CHI","NE","home","CHI",61,406,1306,3106,"Half1",1,1,10,"run",2,NA,3,3,7,1,0
"459","NE","CHI","NE","home","CHI",59,371,1271,3071,"Half1",1,2,8,"pass",8,"short",3,3,7,0,1
"460","NE","CHI","NE","home","CHI",51,352,1252,3052,"Half1",1,1,10,"pass",0,"short",3,3,7,0,1
"461","NE","CHI","NE","home","CHI",51,347,1247,3047,"Half1",1,2,10,"run",7,NA,3,3,7,1,0
"462","NE","CHI","NE","home","CHI",44,313,1213,3013,"Half1",1,3,3,"pass",10,"short",3,3,7,0,1
"463","NE","CHI","NE","home","CHI",34,281,1181,2981,"Half1",1,1,10,"run",6,NA,3,3,7,1,0
"464","NE","CHI","NE","home","CHI",28,251,1151,2951,"Half1",1,2,4,"run",5,NA,3,3,7,1,0
"465","NE","CHI","NE","home","CHI",23,218,1118,2918,"Half1",1,1,10,"pass",7,"short",3,3,7,0,1
"466","NE","CHI","NE","home","CHI",16,187,1087,2887,"Half1",1,2,3,"run",3,NA,3,3,7,1,0
"467","NE","CHI","NE","home","CHI",13,154,1054,2854,"Half1",1,1,10,"pass",6,"short",3,3,7,0,1
"468","NE","CHI","NE","home","CHI",7,122,1022,2822,"Half1",1,2,4,"run",1,NA,3,3,7,1,0
"469","NE","CHI","NE","home","CHI",6,80,980,2780,"Half1",1,3,3,"pass",4,"short",3,3,7,0,1
"470","NE","CHI","NE","home","CHI",2,59,959,2759,"Half1",1,1,2,"run",1,NA,3,3,7,1,0
"471","NE","CHI","NE","home","CHI",1,40,940,2740,"Half1",1,2,1,"run",0,NA,3,3,7,1,0
"472","NE","CHI","NE","home","CHI",1,9,909,2709,"Half1",1,3,1,"run",0,NA,2,3,7,1,0
"473","NE","CHI","NE","home","CHI",76,816,816,2616,"Half1",2,1,10,"pass",17,"deep",2,3,10,0,1
"474","NE","CHI","NE","home","CHI",59,787,787,2587,"Half1",2,1,10,"run",2,NA,2,3,10,1,0
"475","NE","CHI","NE","home","CHI",57,755,755,2555,"Half1",2,2,8,"run",11,NA,2,3,10,1,0
"476","NE","CHI","NE","home","CHI",46,722,722,2522,"Half1",2,1,10,"run",3,NA,2,3,10,1,0
"477","NE","CHI","NE","home","CHI",30,687,687,2487,"Half1",2,1,10,"pass",16,"short",2,3,10,0,1
"478","NE","CHI","NE","home","CHI",14,653,653,2453,"Half1",2,1,10,"run",1,NA,2,3,10,1,0
"479","NE","CHI","NE","home","CHI",13,609,609,2409,"Half1",2,2,9,"run",0,NA,2,3,10,1,0
"480","NE","CHI","NE","home","CHI",22,545,545,2345,"Half1",2,3,18,"pass",21,"deep",2,3,10,0,1
"481","NE","CHI","NE","home","CHI",1,521,521,2321,"Half1",2,1,1,"run",0,NA,2,3,10,1,0
"482","NE","CHI","NE","home","CHI",1,493,493,2293,"Half1",2,2,1,"pass",1,"short",2,3,16,0,1
"483","NE","CHI","NE","home","CHI",80,332,332,2132,"Half1",2,1,10,"pass",6,"short",2,3,10,0,1
"484","NE","CHI","NE","home","CHI",84,278,278,2078,"Half1",2,2,14,"pass",0,"short",2,3,10,0,1
"485","NE","CHI","NE","home","CHI",84,274,274,2074,"Half1",2,3,14,"pass",17,"short",2,3,10,0,1
"486","NE","CHI","NE","home","CHI",67,242,242,2042,"Half1",2,1,10,"run",17,NA,2,3,10,1,0
"487","NE","CHI","NE","home","CHI",50,227,227,2027,"Half1",2,1,10,"pass",0,"short",2,3,10,0,1
"488","NE","CHI","NE","home","CHI",50,225,225,2025,"Half1",2,2,10,"pass",25,"short",2,3,10,0,1
"489","NE","CHI","NE","home","CHI",25,190,190,1990,"Half1",2,1,10,"run",3,NA,2,3,10,1,0
"490","NE","CHI","NE","home","CHI",22,154,154,1954,"Half1",2,2,7,"pass",17,"short",2,3,10,0,1
"491","NE","CHI","NE","home","CHI",5,120,120,1920,"Half1",2,1,5,"run",3,NA,2,3,10,1,0
"492","NE","CHI","NE","home","CHI",2,115,115,1915,"Half1",2,2,2,"pass",2,"short",2,2,16,0,1
"493","NE","CHI","NE","home","CHI",9,71,71,1871,"Half1",2,1,9,"pass",9,"short",1,2,23,0,1
"494","NE","CHI","NE","home","CHI",80,900,1800,1800,"Half2",3,1,10,"pass",14,"short",3,3,30,0,1
"495","NE","CHI","NE","home","CHI",66,866,1766,1766,"Half2",3,1,10,"pass",8,"short",3,3,30,0,1
"496","NE","CHI","NE","home","CHI",58,841,1741,1741,"Half2",3,2,2,"pass",6,"short",3,3,30,0,1
"497","NE","CHI","NE","home","CHI",52,806,1706,1706,"Half2",3,1,10,"pass",0,"short",3,3,30,0,1
"498","NE","CHI","NE","home","CHI",52,802,1702,1702,"Half2",3,2,10,"pass",6,"short",3,3,30,0,1
"499","NE","CHI","NE","home","CHI",46,774,1674,1674,"Half2",3,3,4,"pass",46,"short",3,3,36,0,1
"500","NE","CHI","NE","home","CHI",74,388,1288,1288,"Half2",3,1,10,"pass",12,"short",3,3,37,0,1
"501","NE","CHI","NE","home","CHI",62,361,1261,1261,"Half2",3,1,10,"pass",2,"short",3,3,37,0,1
"502","NE","CHI","NE","home","CHI",60,328,1228,1228,"Half2",3,2,8,"pass",6,"short",3,3,37,0,1
"503","NE","CHI","NE","home","CHI",54,293,1193,1193,"Half2",3,3,2,"run",-2,NA,3,3,37,1,0
"504","NE","CHI","NE","home","CHI",80,54,954,954,"Half2",3,1,10,"pass",11,"short",3,3,29,0,1
"505","NE","CHI","NE","home","CHI",69,32,932,932,"Half2",3,1,10,"run",4,NA,3,3,29,1,0
"506","NE","CHI","NE","home","CHI",65,900,900,900,"Half2",4,2,6,"run",3,NA,3,3,29,1,0
"507","NE","CHI","NE","home","CHI",62,863,863,863,"Half2",4,3,3,"pass",14,"short",3,3,29,0,1
"508","NE","CHI","NE","home","CHI",48,842,842,842,"Half2",4,1,10,"run",3,NA,3,3,29,1,0
"509","NE","CHI","NE","home","CHI",45,812,812,812,"Half2",4,2,7,"pass",17,"deep",3,3,29,0,1
"510","NE","CHI","NE","home","CHI",28,783,783,783,"Half2",4,1,10,"run",2,NA,3,3,29,1,0
"511","NE","CHI","NE","home","CHI",26,749,749,749,"Half2",4,2,8,"run",4,NA,3,3,29,1,0
"512","NE","CHI","NE","home","CHI",22,712,712,712,"Half2",4,3,4,"pass",9,"short",3,3,29,0,1
"513","NE","CHI","NE","home","CHI",13,691,691,691,"Half2",4,1,10,"run",1,NA,3,3,29,1,0
"514","NE","CHI","NE","home","CHI",12,648,648,648,"Half2",4,2,9,"run",3,NA,3,3,29,1,0
"515","NE","CHI","NE","home","CHI",9,607,607,607,"Half2",4,3,6,"pass",0,"short",3,3,29,0,1
"516","NE","CHI","NE","home","CHI",42,315,315,315,"Half2",4,1,10,"pass",17,"short",3,3,24,0,1
"517","NE","CHI","NE","home","CHI",25,283,283,283,"Half2",4,1,10,"run",4,NA,3,3,24,1,0
"518","NE","CHI","NE","home","CHI",21,272,272,272,"Half2",4,2,6,"pass",6,"short",3,2,24,0,1
"519","NE","CHI","NE","home","CHI",15,235,235,235,"Half2",4,1,10,"run",6,NA,3,2,24,1,0
"520","NE","CHI","NE","home","CHI",9,204,204,204,"Half2",4,2,4,"pass",-11,NA,3,2,24,0,1
"521","NE","CHI","NE","home","CHI",20,177,177,177,"Half2",4,3,15,"pass",-1,"short",3,2,24,0,1
"522","NE","DEN","NE","home","DEN",70,736,1636,3436,"Half1",1,1,10,"pass",6,"short",3,3,0,0,1
"523","NE","DEN","NE","home","DEN",64,706,1606,3406,"Half1",1,2,4,"run",3,NA,3,3,0,1,0
"524","NE","DEN","NE","home","DEN",61,672,1572,3372,"Half1",1,3,1,"pass",10,"short",3,3,0,0,1
"525","NE","DEN","NE","home","DEN",51,643,1543,3343,"Half1",1,1,10,"pass",0,"short",3,3,0,0,1
"526","NE","DEN","NE","home","DEN",51,639,1539,3339,"Half1",1,2,10,"pass",0,"short",3,3,0,0,1
"527","NE","DEN","NE","home","DEN",51,634,1534,3334,"Half1",1,3,10,"pass",0,"deep",3,3,0,0,1
"528","NE","DEN","NE","home","DEN",39,539,1439,3239,"Half1",1,1,10,"run",3,NA,3,3,0,1,0
"529","NE","DEN","NE","home","DEN",36,507,1407,3207,"Half1",1,2,7,"run",1,NA,3,3,0,1,0
"530","NE","DEN","NE","home","DEN",35,475,1375,3175,"Half1",1,3,6,"pass",4,"short",3,3,0,0,1
"531","NE","DEN","NE","home","DEN",78,229,1129,2929,"Half1",1,1,10,"pass",20,"short",3,3,-4,0,1
"532","NE","DEN","NE","home","DEN",58,203,1103,2903,"Half1",1,1,10,"pass",4,"short",3,3,-4,0,1
"533","NE","DEN","NE","home","DEN",54,176,1076,2876,"Half1",1,2,6,"pass",13,"short",3,3,-4,0,1
"534","NE","DEN","NE","home","DEN",41,154,1054,2854,"Half1",1,1,10,"pass",7,"short",3,3,-4,0,1
"535","NE","DEN","NE","home","DEN",34,129,1029,2829,"Half1",1,2,3,"run",6,NA,3,3,-4,1,0
"536","NE","DEN","NE","home","DEN",28,102,1002,2802,"Half1",1,1,10,"run",0,NA,3,3,-4,1,0
"537","NE","DEN","NE","home","DEN",28,79,979,2779,"Half1",1,2,10,"pass",0,"short",3,3,-4,0,1
"538","NE","DEN","NE","home","DEN",28,75,975,2775,"Half1",1,3,10,"pass",11,"short",3,3,-4,0,1
"539","NE","DEN","NE","home","DEN",17,35,935,2735,"Half1",1,1,10,"pass",-1,NA,3,3,-4,0,1
"540","NE","DEN","NE","home","DEN",18,900,900,2700,"Half1",2,2,11,"pass",7,"short",3,3,-4,0,1
"541","NE","DEN","NE","home","DEN",11,868,868,2668,"Half1",2,3,4,"pass",0,"short",3,3,-4,0,1
"542","NE","DEN","NE","home","DEN",34,814,814,2614,"Half1",2,1,10,"run",0,NA,3,3,-1,1,0
"543","NE","DEN","NE","home","DEN",34,789,789,2589,"Half1",2,2,10,"pass",11,"short",3,3,-1,0,1
"544","NE","DEN","NE","home","DEN",23,757,757,2557,"Half1",2,1,10,"pass",13,"short",3,3,-1,0,1
"545","NE","DEN","NE","home","DEN",5,705,705,2505,"Half1",2,1,5,"pass",5,"short",3,3,5,0,1
"546","NE","DEN","NE","home","DEN",69,325,325,2125,"Half1",2,1,10,"pass",0,"deep",2,2,12,0,1
"547","NE","DEN","NE","home","DEN",69,321,321,2121,"Half1",2,2,10,"pass",9,"short",2,2,12,0,1
"548","NE","DEN","NE","home","DEN",60,300,300,2100,"Half1",2,3,1,"pass",0,"short",2,2,12,0,1
"549","NE","DEN","NE","home","DEN",57,125,125,1925,"Half1",2,1,10,"run",1,NA,1,2,12,1,0
"550","NE","DEN","NE","home","DEN",51,115,115,1915,"Half1",2,1,10,"run",4,NA,0,2,12,1,0
"551","NE","DEN","NE","home","DEN",47,96,96,1896,"Half1",2,2,6,"pass",9,"short",0,2,12,0,1
"552","NE","DEN","NE","home","DEN",49,71,71,1871,"Half1",2,2,21,"pass",26,"deep",0,2,12,0,1
"553","NE","DEN","NE","home","DEN",23,44,44,1844,"Half1",2,1,10,"pass",18,"short",0,2,12,0,1
"554","NE","DEN","NE","home","DEN",5,38,38,1838,"Half1",2,1,5,"pass",0,"short",0,1,12,0,1
"555","NE","DEN","NE","home","DEN",5,33,33,1833,"Half1",2,2,5,"pass",0,"short",0,1,12,0,1
"556","NE","DEN","NE","home","DEN",5,11,11,1811,"Half1",2,3,5,"pass",5,"short",0,1,18,0,1
"557","NE","DEN","NE","home","DEN",80,900,1800,1800,"Half2",3,1,10,"pass",18,"deep",3,3,19,0,1
"558","NE","DEN","NE","home","DEN",62,867,1767,1767,"Half2",3,1,10,"run",0,NA,3,3,19,1,0
"559","NE","DEN","NE","home","DEN",54,827,1727,1727,"Half2",3,1,10,"pass",0,"deep",3,3,19,0,1
"560","NE","DEN","NE","home","DEN",54,820,1720,1720,"Half2",3,2,10,"pass",0,"deep",3,3,19,0,1
"561","NE","DEN","NE","home","DEN",54,815,1715,1715,"Half2",3,3,10,"pass",0,"short",3,3,19,0,1
"562","NE","DEN","NE","home","DEN",80,666,1566,1566,"Half2",3,1,10,"pass",15,"short",3,3,12,0,1
"563","NE","DEN","NE","home","DEN",65,632,1532,1532,"Half2",3,1,10,"pass",0,"short",3,3,12,0,1
"564","NE","DEN","NE","home","DEN",65,629,1529,1529,"Half2",3,2,10,"run",2,NA,3,3,12,1,0
"565","NE","DEN","NE","home","DEN",63,592,1492,1492,"Half2",3,3,8,"pass",21,"deep",3,3,12,0,1
"566","NE","DEN","NE","home","DEN",42,568,1468,1468,"Half2",3,1,10,"run",5,NA,3,3,12,1,0
"567","NE","DEN","NE","home","DEN",37,542,1442,1442,"Half2",3,2,5,"pass",0,"short",3,3,12,0,1
"568","NE","DEN","NE","home","DEN",37,538,1438,1438,"Half2",3,3,5,"pass",0,"short",3,3,12,0,1
"569","NE","DEN","NE","home","DEN",37,533,1433,1433,"Half2",3,4,5,"pass",11,"short",3,3,12,0,1
"570","NE","DEN","NE","home","DEN",26,533,1433,1433,"Half2",3,1,10,"run",-1,NA,3,3,12,1,0
"571","NE","DEN","NE","home","DEN",27,480,1380,1380,"Half2",3,2,11,"pass",0,"short",3,3,12,0,1
"572","NE","DEN","NE","home","DEN",27,476,1376,1376,"Half2",3,3,11,"pass",0,"deep",3,3,12,0,1
"573","NE","DEN","NE","home","DEN",10,451,1351,1351,"Half2",3,1,10,"pass",10,"short",3,3,21,0,1
"574","NE","DEN","NE","home","DEN",80,350,1250,1250,"Half2",3,1,10,"run",6,NA,3,3,15,1,0
"575","NE","DEN","NE","home","DEN",74,319,1219,1219,"Half2",3,2,4,"pass",0,"short",3,3,15,0,1
"576","NE","DEN","NE","home","DEN",70,315,1215,1215,"Half2",3,1,10,"run",0,NA,3,3,15,1,0
"577","NE","DEN","NE","home","DEN",70,286,1186,1186,"Half2",3,2,10,"pass",3,"short",3,3,15,0,1
"578","NE","DEN","NE","home","DEN",67,249,1149,1149,"Half2",3,3,7,"pass",8,"short",3,3,15,0,1
"579","NE","DEN","NE","home","DEN",59,216,1116,1116,"Half2",3,1,10,"pass",6,"short",3,3,15,0,1
"580","NE","DEN","NE","home","DEN",58,165,1065,1065,"Half2",3,2,9,"pass",13,"short",3,3,15,0,1
"581","NE","DEN","NE","home","DEN",45,129,1029,1029,"Half2",3,1,10,"pass",2,"short",3,3,15,0,1
"582","NE","DEN","NE","home","DEN",43,104,1004,1004,"Half2",3,2,8,"run",-3,NA,3,3,15,1,0
"583","NE","DEN","NE","home","DEN",46,75,975,975,"Half2",3,3,11,"pass",14,"short",3,3,15,0,1
"584","NE","DEN","NE","home","DEN",32,32,932,932,"Half2",3,1,10,"run",7,NA,3,3,15,1,0
"585","NE","DEN","NE","home","DEN",25,900,900,900,"Half2",4,2,3,"run",4,NA,3,3,15,1,0
"586","NE","DEN","NE","home","DEN",21,878,878,878,"Half2",4,1,10,"pass",20,"deep",2,3,15,0,1
"587","NE","DEN","NE","home","DEN",1,840,840,840,"Half2",4,1,1,"pass",1,"short",2,3,21,0,1
"588","NE","DEN","NE","home","DEN",91,680,680,680,"Half2",4,1,10,"pass",0,"short",2,3,21,0,1
"589","NE","DEN","NE","home","DEN",91,676,676,676,"Half2",4,2,10,"pass",0,"short",2,3,21,0,1
"590","NE","DEN","NE","home","DEN",91,672,672,672,"Half2",4,3,10,"pass",4,"short",2,3,21,0,1
"591","NE","DEN","NE","home","DEN",52,523,523,523,"Half2",4,1,10,"run",9,NA,2,3,21,1,0
"592","NE","DEN","NE","home","DEN",43,481,481,481,"Half2",4,2,1,"run",0,NA,2,3,21,1,0
"593","NE","DEN","NE","home","DEN",43,441,441,441,"Half2",4,3,1,"run",0,NA,2,3,21,1,0
"594","NE","DEN","NE","home","DEN",74,184,184,184,"Half2",4,1,10,"run",13,NA,1,3,21,1,0
"595","NE","DEN","NE","home","DEN",61,140,140,140,"Half2",4,1,10,"run",2,NA,1,3,21,1,0
"596","NE","DEN","NE","home","DEN",59,135,135,135,"Half2",4,2,8,"pass",9,"short",1,2,21,0,1
"597","NE","DEN","NE","home","DEN",50,130,130,130,"Half2",4,1,10,"run",-1,NA,1,2,21,1,0
"598","NE","DEN","NE","home","DEN",51,126,126,126,"Half2",4,2,11,"run",6,NA,1,1,21,1,0
"599","NE","DEN","NE","home","DEN",45,120,120,120,"Half2",4,3,5,"run",-1,NA,1,1,21,1,0
"600","IND","NE","NE","away","IND",89,771,1671,3471,"Half1",1,1,10,"pass",0,"deep",3,3,0,0,1
"601","IND","NE","NE","away","IND",89,764,1664,3464,"Half1",1,2,10,"pass",3,"short",3,3,0,0,1
"602","IND","NE","NE","away","IND",86,721,1621,3421,"Half1",1,3,7,"pass",9,"short",3,3,0,0,1
"603","IND","NE","NE","away","IND",77,691,1591,3391,"Half1",1,1,10,"run",7,NA,3,3,0,1,0
"604","IND","NE","NE","away","IND",70,654,1554,3354,"Half1",1,2,3,"run",7,NA,3,3,0,1,0
"605","IND","NE","NE","away","IND",63,627,1527,3327,"Half1",1,1,10,"pass",0,"short",3,3,0,0,1
"606","IND","NE","NE","away","IND",63,620,1520,3320,"Half1",1,2,10,"run",18,NA,3,3,0,1,0
"607","IND","NE","NE","away","IND",45,592,1492,3292,"Half1",1,1,10,"run",16,NA,3,3,0,1,0
"608","IND","NE","NE","away","IND",29,560,1460,3260,"Half1",1,1,10,"run",25,NA,3,3,0,1,0
"609","IND","NE","NE","away","IND",4,526,1426,3226,"Half1",1,1,4,"pass",0,"short",3,3,0,0,1
"610","IND","NE","NE","away","IND",4,522,1422,3222,"Half1",1,2,4,"run",4,NA,3,3,6,1,0
"611","IND","NE","NE","away","IND",80,259,1159,2959,"Half1",1,1,10,"pass",0,"short",3,3,4,0,1
"612","IND","NE","NE","away","IND",80,254,1154,2954,"Half1",1,2,10,"pass",9,"short",3,3,4,0,1
"613","IND","NE","NE","away","IND",71,225,1125,2925,"Half1",1,3,1,"run",20,NA,3,3,4,1,0
"614","IND","NE","NE","away","IND",51,189,1089,2889,"Half1",1,1,10,"pass",0,"deep",3,3,4,0,1
"615","IND","NE","NE","away","IND",96,880,880,2680,"Half1",2,1,10,"pass",10,"short",3,3,4,0,1
"616","IND","NE","NE","away","IND",86,850,850,2650,"Half1",2,1,10,"run",6,NA,3,3,4,1,0
"617","IND","NE","NE","away","IND",80,825,825,2625,"Half1",2,2,4,"run",14,NA,3,3,4,1,0
"618","IND","NE","NE","away","IND",66,796,796,2596,"Half1",2,1,10,"run",3,NA,3,3,4,1,0
"619","IND","NE","NE","away","IND",63,762,762,2562,"Half1",2,2,7,"pass",4,"short",3,3,4,0,1
"620","IND","NE","NE","away","IND",59,722,722,2522,"Half1",2,3,3,"pass",0,"deep",3,3,4,0,1
"621","IND","NE","NE","away","IND",68,506,506,2306,"Half1",2,1,10,"pass",3,"short",3,3,4,0,1
"622","IND","NE","NE","away","IND",65,477,477,2277,"Half1",2,2,7,"run",4,NA,3,3,4,1,0
"623","IND","NE","NE","away","IND",61,433,433,2233,"Half1",2,3,3,"pass",20,"short",3,3,4,0,1
"624","IND","NE","NE","away","IND",41,411,411,2211,"Half1",2,1,10,"pass",9,"short",3,3,4,0,1
"625","IND","NE","NE","away","IND",32,381,381,2181,"Half1",2,2,1,"run",3,NA,3,3,4,1,0
"626","IND","NE","NE","away","IND",29,347,347,2147,"Half1",2,1,10,"pass",0,"short",3,3,4,0,1
"627","IND","NE","NE","away","IND",29,340,340,2140,"Half1",2,2,10,"pass",0,"short",3,3,4,0,1
"628","IND","NE","NE","away","IND",29,338,338,2138,"Half1",2,3,10,"pass",13,"short",3,3,4,0,1
"629","IND","NE","NE","away","IND",16,308,308,2108,"Half1",2,1,10,"run",3,NA,3,3,4,1,0
"630","IND","NE","NE","away","IND",8,264,264,2064,"Half1",2,1,8,"run",6,NA,3,3,4,1,0
"631","IND","NE","NE","away","IND",2,234,234,2034,"Half1",2,2,2,"run",2,NA,3,3,10,1,0
"632","IND","NE","NE","away","IND",92,135,135,1935,"Half1",2,1,10,"run",5,NA,3,3,11,1,0
"633","IND","NE","NE","away","IND",87,120,120,1920,"Half1",2,2,5,"pass",4,"short",3,3,11,0,1
"634","IND","NE","NE","away","IND",83,85,85,1885,"Half1",2,3,1,"pass",0,"deep",3,3,11,0,1
"635","IND","NE","NE","away","IND",80,900,1800,1800,"Half2",3,1,10,"run",0,NA,3,3,4,1,0
"636","IND","NE","NE","away","IND",80,861,1761,1761,"Half2",3,2,10,"pass",39,"short",3,3,4,0,1
"637","IND","NE","NE","away","IND",41,831,1731,1731,"Half2",3,1,10,"pass",14,"short",3,3,4,0,1
"638","IND","NE","NE","away","IND",27,815,1715,1715,"Half2",3,1,10,"run",14,NA,3,3,4,1,0
"639","IND","NE","NE","away","IND",13,781,1681,1681,"Half2",3,1,10,"run",5,NA,3,3,4,1,0
"640","IND","NE","NE","away","IND",8,754,1654,1654,"Half2",3,2,5,"run",4,NA,3,3,4,1,0
"641","IND","NE","NE","away","IND",4,716,1616,1616,"Half2",3,3,1,"run",2,NA,3,3,4,1,0
"642","IND","NE","NE","away","IND",2,676,1576,1576,"Half2",3,1,2,"pass",2,"short",3,3,10,0,1
"643","IND","NE","NE","away","IND",80,511,1411,1411,"Half2",3,1,10,"pass",0,"short",3,3,8,0,1
"644","IND","NE","NE","away","IND",80,507,1407,1407,"Half2",3,2,10,"run",4,NA,3,3,8,1,0
"645","IND","NE","NE","away","IND",76,469,1369,1369,"Half2",3,3,6,"pass",26,"deep",3,3,8,0,1
"646","IND","NE","NE","away","IND",50,426,1326,1326,"Half2",3,1,10,"run",1,NA,3,3,8,1,0
"647","IND","NE","NE","away","IND",49,385,1285,1285,"Half2",3,2,9,"run",6,NA,3,3,8,1,0
"648","IND","NE","NE","away","IND",43,338,1238,1238,"Half2",3,3,3,"pass",16,"short",2,3,8,0,1
"649","IND","NE","NE","away","IND",27,310,1210,1210,"Half2",3,1,10,"pass",14,"short",2,3,8,0,1
"650","IND","NE","NE","away","IND",13,282,1182,1182,"Half2",3,1,10,"run",5,NA,2,3,8,1,0
"651","IND","NE","NE","away","IND",8,243,1143,1143,"Half2",3,2,5,"run",6,NA,2,3,8,1,0
"652","IND","NE","NE","away","IND",2,214,1114,1114,"Half2",3,1,2,"run",2,NA,2,3,14,1,0
"653","IND","NE","NE","away","IND",80,812,812,812,"Half2",4,1,10,"pass",0,"deep",1,3,8,0,1
"654","IND","NE","NE","away","IND",80,806,806,806,"Half2",4,2,10,"pass",14,"short",1,3,8,0,1
"655","IND","NE","NE","away","IND",66,769,769,769,"Half2",4,1,10,"run",7,NA,1,3,8,1,0
"656","IND","NE","NE","away","IND",59,725,725,725,"Half2",4,2,3,"pass",22,"deep",1,3,8,0,1
"657","IND","NE","NE","away","IND",37,693,693,693,"Half2",4,1,10,"run",8,NA,1,3,8,1,0
"658","IND","NE","NE","away","IND",29,657,657,657,"Half2",4,2,2,"run",0,NA,1,3,8,1,0
"659","IND","NE","NE","away","IND",29,631,631,631,"Half2",4,3,2,"run",-2,NA,1,3,8,1,0
"660","IND","NE","NE","away","IND",14,610,610,610,"Half2",4,1,10,"run",4,NA,1,3,8,1,0
"661","IND","NE","NE","away","IND",10,580,580,580,"Half2",4,2,6,"run",7,NA,1,3,8,1,0
"662","IND","NE","NE","away","IND",1,526,526,526,"Half2",4,1,1,"run",1,NA,1,3,14,1,0
"663","IND","NE","NE","away","IND",32,494,494,494,"Half2",4,1,10,"run",3,NA,1,3,15,1,0
"664","IND","NE","NE","away","IND",29,459,459,459,"Half2",4,2,7,"run",3,NA,1,3,15,1,0
"665","IND","NE","NE","away","IND",26,416,416,416,"Half2",4,3,4,"pass",26,"short",1,3,21,0,1
"666","IND","NE","NE","away","IND",50,257,257,257,"Half2",4,1,10,"run",3,NA,1,3,22,1,0
"667","IND","NE","NE","away","IND",47,221,221,221,"Half2",4,2,7,"run",3,NA,1,3,22,1,0
"668","IND","NE","NE","away","IND",44,174,174,174,"Half2",4,3,4,"run",5,NA,1,3,22,1,0
"669","IND","NE","NE","away","IND",39,138,138,138,"Half2",4,1,10,"run",5,NA,1,3,22,1,0
"670","IND","NE","NE","away","IND",34,120,120,120,"Half2",4,2,5,"run",9,NA,1,3,22,1,0
"671","NE","DET","NE","home","DET",80,704,1604,3404,"Half1",1,1,10,"pass",7,"short",3,3,-3,0,1
"672","NE","DET","NE","home","DET",73,675,1575,3375,"Half1",1,2,3,"pass",0,"short",3,3,-3,0,1
"673","NE","DET","NE","home","DET",83,620,1520,3320,"Half1",1,3,13,"pass",0,"deep",3,3,-3,0,1
"674","NE","DET","NE","home","DET",86,522,1422,3222,"Half1",1,1,10,"run",-5,NA,3,3,-3,1,0
"675","NE","DET","NE","home","DET",91,499,1399,3199,"Half1",1,2,15,"pass",0,"short",3,3,-3,0,1
"676","NE","DET","NE","home","DET",91,495,1395,3195,"Half1",1,3,15,"pass",5,"short",3,3,-3,0,1
"677","NE","DET","NE","home","DET",64,347,1247,3047,"Half1",1,1,10,"pass",15,"deep",3,3,-3,0,1
"678","NE","DET","NE","home","DET",49,316,1216,3016,"Half1",1,1,10,"pass",0,"short",3,3,-3,0,1
"679","NE","DET","NE","home","DET",49,313,1213,3013,"Half1",1,2,10,"pass",5,"short",3,3,-3,0,1
"680","NE","DET","NE","home","DET",44,296,1196,2996,"Half1",1,3,5,"pass",10,"short",3,3,-3,0,1
"681","NE","DET","NE","home","DET",34,267,1167,2967,"Half1",1,1,10,"pass",12,"short",3,3,-3,0,1
"682","NE","DET","NE","home","DET",22,240,1140,2940,"Half1",1,1,10,"pass",14,"short",3,3,-3,0,1
"683","NE","DET","NE","home","DET",8,218,1118,2918,"Half1",1,1,8,"run",4,NA,3,3,-3,1,0
"684","NE","DET","NE","home","DET",4,197,1097,2897,"Half1",1,2,4,"pass",0,"short",3,3,-3,0,1
"685","NE","DET","NE","home","DET",4,193,1093,2893,"Half1",1,3,4,"pass",4,"short",3,3,3,0,1
"686","NE","DET","NE","home","DET",22,806,806,2606,"Half1",2,1,10,"pass",16,"short",3,3,1,0,1
"687","NE","DET","NE","home","DET",3,766,766,2566,"Half1",2,1,3,"run",3,NA,3,3,7,1,0
"688","NE","DET","NE","home","DET",93,465,465,2265,"Half1",2,1,10,"pass",16,"short",3,3,8,0,1
"689","NE","DET","NE","home","DET",77,438,438,2238,"Half1",2,1,10,"run",2,NA,3,3,8,1,0
"690","NE","DET","NE","home","DET",75,405,405,2205,"Half1",2,2,8,"pass",10,"short",3,3,8,0,1
"691","NE","DET","NE","home","DET",65,379,379,2179,"Half1",2,1,10,"pass",13,"short",3,3,8,0,1
"692","NE","DET","NE","home","DET",52,353,353,2153,"Half1",2,1,10,"pass",0,"deep",3,3,8,0,1
"693","NE","DET","NE","home","DET",52,348,348,2148,"Half1",2,2,10,"pass",4,"short",3,3,8,0,1
"694","NE","DET","NE","home","DET",48,321,321,2121,"Half1",2,3,6,"pass",8,"short",3,3,8,0,1
"695","NE","DET","NE","home","DET",40,293,293,2093,"Half1",2,1,10,"run",4,NA,3,3,8,1,0
"696","NE","DET","NE","home","DET",36,255,255,2055,"Half1",2,2,6,"pass",15,"short",3,3,8,0,1
"697","NE","DET","NE","home","DET",21,229,229,2029,"Half1",2,1,10,"pass",16,"short",3,3,8,0,1
"698","NE","DET","NE","home","DET",5,201,201,2001,"Half1",2,1,5,"run",-3,NA,3,3,8,1,0
"699","NE","DET","NE","home","DET",8,171,171,1971,"Half1",2,2,8,"pass",0,"short",3,3,8,0,1
"700","NE","DET","NE","home","DET",8,167,167,1967,"Half1",2,3,8,"pass",8,"short",3,3,14,0,1
"701","NE","DET","NE","home","DET",67,28,28,1828,"Half1",2,1,20,"pass",8,"short",3,3,15,0,1
"702","NE","DET","NE","home","DET",64,22,22,1822,"Half1",2,2,17,"pass",24,"short",2,3,15,0,1
"703","NE","DET","NE","home","DET",40,17,17,1817,"Half1",2,1,10,"pass",23,"short",1,3,15,0,1
"704","NE","DET","NE","home","DET",75,900,1800,1800,"Half2",3,1,5,"pass",0,"short",3,3,18,0,1
"705","NE","DET","NE","home","DET",75,896,1796,1796,"Half2",3,2,5,"pass",6,"short",3,3,18,0,1
"706","NE","DET","NE","home","DET",69,871,1771,1771,"Half2",3,1,10,"pass",5,"short",3,3,18,0,1
"707","NE","DET","NE","home","DET",64,849,1749,1749,"Half2",3,2,5,"pass",17,"short",3,3,18,0,1
"708","NE","DET","NE","home","DET",47,823,1723,1723,"Half2",3,1,10,"run",9,NA,3,3,18,1,0
"709","NE","DET","NE","home","DET",33,787,1687,1687,"Half2",3,1,10,"pass",0,"short",3,3,18,0,1
"710","NE","DET","NE","home","DET",33,784,1684,1684,"Half2",3,2,10,"pass",7,"short",3,3,18,0,1
"711","NE","DET","NE","home","DET",26,748,1648,1648,"Half2",3,3,3,"pass",16,"deep",3,3,18,0,1
"712","NE","DET","NE","home","DET",10,724,1624,1624,"Half2",3,1,10,"pass",0,"short",3,3,18,0,1
"713","NE","DET","NE","home","DET",75,512,1412,1412,"Half2",3,1,10,"pass",0,"short",3,3,18,0,1
"714","NE","DET","NE","home","DET",75,505,1405,1405,"Half2",3,2,10,"pass",3,"short",3,3,18,0,1
"715","NE","DET","NE","home","DET",67,465,1365,1365,"Half2",3,1,10,"run",0,NA,3,3,18,1,0
"716","NE","DET","NE","home","DET",67,436,1336,1336,"Half2",3,2,10,"pass",12,"short",3,3,18,0,1
"717","NE","DET","NE","home","DET",55,418,1318,1318,"Half2",3,1,10,"run",23,NA,3,3,18,1,0
"718","NE","DET","NE","home","DET",32,397,1297,1297,"Half2",3,1,10,"run",1,NA,3,3,18,1,0
"719","NE","DET","NE","home","DET",31,356,1256,1256,"Half2",3,2,9,"pass",0,"deep",3,3,18,0,1
"720","NE","DET","NE","home","DET",31,350,1250,1250,"Half2",3,3,9,"pass",6,"short",3,3,18,0,1
"721","NE","DET","NE","home","DET",79,266,1166,1166,"Half2",3,1,10,"pass",2,"short",3,3,21,0,1
"722","NE","DET","NE","home","DET",77,225,1125,1125,"Half2",3,2,8,"pass",-4,"short",3,3,21,0,1
"723","NE","DET","NE","home","DET",81,186,1086,1086,"Half2",3,3,12,"pass",0,"short",3,3,21,0,1
"724","NE","DET","NE","home","DET",80,888,888,888,"Half2",4,1,10,"pass",6,"short",3,2,18,0,1
"725","NE","DET","NE","home","DET",74,852,852,852,"Half2",4,2,4,"pass",0,"short",3,2,18,0,1
"726","NE","DET","NE","home","DET",74,846,846,846,"Half2",4,3,4,"pass",0,"short",3,2,18,0,1
"727","NE","DET","NE","home","DET",84,685,685,685,"Half2",4,1,10,"pass",5,"short",2,2,18,0,1
"728","NE","DET","NE","home","DET",79,661,661,661,"Half2",4,2,5,"pass",6,"short",2,2,18,0,1
"729","NE","DET","NE","home","DET",73,627,627,627,"Half2",4,1,10,"pass",0,"short",2,2,18,0,1
"730","NE","DET","NE","home","DET",73,622,622,622,"Half2",4,2,10,"run",3,NA,2,2,18,1,0
"731","NE","DET","NE","home","DET",70,589,589,589,"Half2",4,3,7,"pass",10,"short",2,2,18,0,1
"732","NE","DET","NE","home","DET",60,549,549,549,"Half2",4,1,10,"run",0,NA,2,2,18,1,0
"733","NE","DET","NE","home","DET",60,516,516,516,"Half2",4,2,10,"pass",-4,"short",2,2,18,0,1
"734","NE","DET","NE","home","DET",64,479,479,479,"Half2",4,3,14,"pass",7,"short",2,2,18,0,1
"735","NE","DET","NE","home","DET",66,383,383,383,"Half2",4,1,10,"run",33,NA,2,2,18,1,0
"736","NE","DET","NE","home","DET",33,335,335,335,"Half2",4,1,10,"run",1,NA,2,2,18,1,0
"737","NE","DET","NE","home","DET",32,293,293,293,"Half2",4,2,9,"run",7,NA,2,2,18,1,0
"738","NE","DET","NE","home","DET",25,250,250,250,"Half2",4,3,2,"run",-1,NA,2,2,18,1,0
"739","NE","DET","NE","home","DET",26,246,246,246,"Half2",4,4,3,"pass",16,"short",2,1,18,0,1
"740","NE","DET","NE","home","DET",10,205,205,205,"Half2",4,1,10,"run",2,NA,2,1,18,1,0
"741","NE","DET","NE","home","DET",8,199,199,199,"Half2",4,2,8,"run",2,NA,2,0,18,1,0
"742","NE","DET","NE","home","DET",6,159,159,159,"Half2",4,3,6,"run",4,NA,2,0,18,1,0
"743","NE","DET","NE","home","DET",1,117,117,117,"Half2",4,1,1,"run",1,NA,2,0,24,1,0
"744","GB","NE","NE","away","GB",74,668,1568,3368,"Half1",1,1,10,"pass",12,"short",3,2,-3,0,1
"745","GB","NE","NE","away","GB",62,638,1538,3338,"Half1",1,1,10,"run",6,NA,3,2,-3,1,0
"746","GB","NE","NE","away","GB",56,600,1500,3300,"Half1",1,2,4,"run",2,NA,3,2,-3,1,0
"747","GB","NE","NE","away","GB",54,571,1471,3271,"Half1",1,3,2,"run",0,NA,3,2,-3,1,0
"748","GB","NE","NE","away","GB",60,207,1107,2907,"Half1",1,1,10,"pass",0,"short",3,2,-6,0,1
"749","GB","NE","NE","away","GB",60,203,1103,2903,"Half1",1,2,10,"pass",5,"short",3,2,-6,0,1
"750","GB","NE","NE","away","GB",55,159,1059,2859,"Half1",1,3,5,"pass",4,"short",3,2,-6,0,1
"751","GB","NE","NE","away","GB",73,3,903,2703,"Half1",1,1,10,"run",3,NA,3,2,-13,1,0
"752","GB","NE","NE","away","GB",70,900,900,2700,"Half1",2,2,7,"pass",29,"deep",3,2,-13,0,1
"753","GB","NE","NE","away","GB",41,860,860,2660,"Half1",2,1,10,"pass",23,"deep",3,2,-13,0,1
"754","GB","NE","NE","away","GB",18,826,826,2626,"Half1",2,1,10,"run",12,NA,3,2,-13,1,0
"755","GB","NE","NE","away","GB",6,779,779,2579,"Half1",2,1,6,"run",6,NA,3,2,-7,1,0
"756","GB","NE","NE","away","GB",80,354,354,2154,"Half1",2,1,10,"pass",0,"deep",3,2,-9,0,1
"757","GB","NE","NE","away","GB",80,348,348,2148,"Half1",2,2,10,"pass",12,"short",3,2,-9,0,1
"758","GB","NE","NE","away","GB",68,307,307,2107,"Half1",2,1,10,"pass",0,"short",3,2,-9,0,1
"759","GB","NE","NE","away","GB",68,301,301,2101,"Half1",2,2,10,"pass",17,"short",3,2,-9,0,1
"760","GB","NE","NE","away","GB",51,267,267,2067,"Half1",2,1,10,"pass",5,"short",3,2,-9,0,1
"761","GB","NE","NE","away","GB",46,232,232,2032,"Half1",2,2,5,"pass",26,"short",3,2,-9,0,1
"762","GB","NE","NE","away","GB",20,193,193,1993,"Half1",2,1,10,"run",5,NA,3,2,-9,1,0
"763","GB","NE","NE","away","GB",15,156,156,1956,"Half1",2,2,5,"pass",2,"short",3,2,-9,0,1
"764","GB","NE","NE","away","GB",13,126,126,1926,"Half1",2,3,3,"pass",11,"short",3,2,-9,0,1
"765","GB","NE","NE","away","GB",7,116,116,1916,"Half1",2,1,7,"pass",0,"short",2,2,-9,0,1
"766","GB","NE","NE","away","GB",7,111,111,1911,"Half1",2,2,7,"run",3,NA,2,2,-9,1,0
"767","GB","NE","NE","away","GB",2,74,74,1874,"Half1",2,3,2,"pass",2,"short",2,2,-3,0,1
"768","GB","NE","NE","away","GB",90,895,1795,1795,"Half2",3,1,20,"pass",0,"short",3,3,-9,0,1
"769","GB","NE","NE","away","GB",90,890,1790,1790,"Half2",3,2,20,"pass",7,"short",3,3,-9,0,1
"770","GB","NE","NE","away","GB",83,850,1750,1750,"Half2",3,3,13,"pass",0,"short",2,3,-9,0,1
"771","GB","NE","NE","away","GB",70,569,1469,1469,"Half2",3,1,10,"run",2,NA,2,3,-9,1,0
"772","GB","NE","NE","away","GB",68,532,1432,1432,"Half2",3,2,8,"pass",10,"short",2,3,-9,0,1
"773","GB","NE","NE","away","GB",58,495,1395,1395,"Half2",3,1,10,"pass",0,"deep",2,3,-9,0,1
"774","GB","NE","NE","away","GB",58,490,1390,1390,"Half2",3,2,10,"run",1,NA,2,3,-9,1,0
"775","GB","NE","NE","away","GB",57,453,1353,1353,"Half2",3,3,9,"pass",0,"short",2,3,-9,0,1
"776","GB","NE","NE","away","GB",78,141,1041,1041,"Half2",3,1,10,"pass",4,"short",2,3,-9,0,1
"777","GB","NE","NE","away","GB",74,100,1000,1000,"Half2",3,2,6,"pass",0,"deep",2,3,-9,0,1
"778","GB","NE","NE","away","GB",69,91,991,991,"Half2",3,1,10,"pass",19,"short",2,3,-9,0,1
"779","GB","NE","NE","away","GB",50,57,957,957,"Half2",3,1,10,"pass",5,"short",2,3,-9,0,1
"780","GB","NE","NE","away","GB",45,24,924,924,"Half2",3,2,5,"run",4,NA,2,3,-9,1,0
"781","GB","NE","NE","away","GB",41,900,900,900,"Half2",4,3,1,"run",13,NA,2,3,-9,1,0
"782","GB","NE","NE","away","GB",28,865,865,865,"Half2",4,1,10,"run",13,NA,2,3,-9,1,0
"783","GB","NE","NE","away","GB",15,839,839,839,"Half2",4,1,10,"pass",0,"short",2,3,-9,0,1
"784","GB","NE","NE","away","GB",15,835,835,835,"Half2",4,2,10,"pass",15,"short",2,3,-3,0,1
"785","GB","NE","NE","away","GB",72,515,515,515,"Half2",4,1,10,"pass",14,"short",2,3,-5,0,1
"786","GB","NE","NE","away","GB",58,485,485,485,"Half2",4,1,10,"run",-1,NA,2,3,-5,1,0
"787","GB","NE","NE","away","GB",59,444,444,444,"Half2",4,2,11,"pass",0,"short",2,3,-5,0,1
"788","GB","NE","NE","away","GB",59,440,440,440,"Half2",4,3,11,"pass",8,"short",2,3,-5,0,1
"789","GB","NE","NE","away","GB",51,399,399,399,"Half2",4,4,3,"pass",5,"short",2,3,-5,0,1
"790","GB","NE","NE","away","GB",46,360,360,360,"Half2",4,1,10,"run",3,NA,2,3,-5,1,0
"791","GB","NE","NE","away","GB",43,322,322,322,"Half2",4,2,7,"pass",0,"deep",2,3,-5,0,1
"792","GB","NE","NE","away","GB",43,317,317,317,"Half2",4,3,7,"pass",10,"short",2,3,-5,0,1
"793","GB","NE","NE","away","GB",33,281,281,281,"Half2",4,1,10,"run",12,NA,2,3,-5,1,0
"794","GB","NE","NE","away","GB",21,250,250,250,"Half2",4,1,10,"run",1,NA,2,3,-5,1,0
"795","GB","NE","NE","away","GB",20,211,211,211,"Half2",4,2,9,"pass",0,"deep",2,3,-5,0,1
"796","GB","NE","NE","away","GB",20,205,205,205,"Half2",4,3,9,"pass",-9,NA,2,3,-5,0,1
"797","SD","NE","NE","away","SD",93,671,1571,3371,"Half1",1,1,10,"run",-2,NA,3,3,0,1,0
"798","SD","NE","NE","away","SD",95,632,1532,3332,"Half1",1,2,12,"pass",0,"short",3,3,0,0,1
"799","SD","NE","NE","away","SD",95,628,1528,3328,"Half1",1,3,12,"pass",19,"deep",3,3,0,0,1
"800","SD","NE","NE","away","SD",76,600,1500,3300,"Half1",1,1,10,"run",3,NA,3,3,0,1,0
"801","SD","NE","NE","away","SD",73,561,1461,3261,"Half1",1,2,7,"pass",11,"short",3,3,0,0,1
"802","SD","NE","NE","away","SD",62,528,1428,3228,"Half1",1,1,10,"run",11,NA,3,3,0,1,0
"803","SD","NE","NE","away","SD",51,494,1394,3194,"Half1",1,1,10,"run",6,NA,3,3,0,1,0
"804","SD","NE","NE","away","SD",40,469,1369,3169,"Half1",1,1,10,"pass",9,"short",3,3,0,0,1
"805","SD","NE","NE","away","SD",31,435,1335,3135,"Half1",1,2,1,"pass",0,"deep",3,3,0,0,1
"806","SD","NE","NE","away","SD",31,430,1330,3130,"Half1",1,3,1,"run",9,NA,3,3,0,1,0
"807","SD","NE","NE","away","SD",22,394,1294,3094,"Half1",1,1,10,"run",7,NA,3,3,0,1,0
"808","SD","NE","NE","away","SD",15,362,1262,3062,"Half1",1,2,3,"run",2,NA,3,3,0,1,0
"809","SD","NE","NE","away","SD",13,328,1228,3028,"Half1",1,3,1,"run",3,NA,3,3,0,1,0
"810","SD","NE","NE","away","SD",10,288,1188,2988,"Half1",1,1,10,"run",9,NA,3,3,0,1,0
"811","SD","NE","NE","away","SD",1,255,1155,2955,"Half1",1,2,1,"pass",0,"short",3,3,0,0,1
"812","SD","NE","NE","away","SD",1,251,1151,2951,"Half1",1,3,1,"pass",-7,NA,3,3,0,0,1
"813","SD","NE","NE","away","SD",75,804,804,2604,"Half1",2,1,10,"pass",19,"short",3,3,-4,0,1
"814","SD","NE","NE","away","SD",56,766,766,2566,"Half1",2,1,10,"run",0,NA,3,3,-4,1,0
"815","SD","NE","NE","away","SD",56,718,718,2518,"Half1",2,2,10,"pass",7,"short",3,3,-4,0,1
"816","SD","NE","NE","away","SD",49,680,680,2480,"Half1",2,3,3,"pass",2,"short",3,3,-10,0,1
"817","SD","NE","NE","away","SD",74,660,660,2460,"Half1",2,1,10,"pass",8,"short",3,3,-10,0,1
"818","SD","NE","NE","away","SD",66,633,633,2433,"Half1",2,2,2,"pass",35,"short",3,3,-10,0,1
"819","SD","NE","NE","away","SD",31,600,600,2400,"Half1",2,1,10,"pass",0,"deep",3,3,-10,0,1
"820","SD","NE","NE","away","SD",26,589,589,2389,"Half1",2,1,10,"pass",0,"deep",3,3,-10,0,1
"821","SD","NE","NE","away","SD",26,585,585,2385,"Half1",2,2,10,"pass",11,"short",3,3,-10,0,1
"822","SD","NE","NE","away","SD",15,570,570,2370,"Half1",2,1,10,"pass",4,"short",3,3,-10,0,1
"823","SD","NE","NE","away","SD",11,554,554,2354,"Half1",2,2,6,"pass",0,"short",3,3,-10,0,1
"824","SD","NE","NE","away","SD",11,550,550,2350,"Half1",2,3,6,"pass",7,"short",3,2,-10,0,1
"825","SD","NE","NE","away","SD",4,517,517,2317,"Half1",2,1,4,"run",0,NA,3,2,-10,1,0
"826","SD","NE","NE","away","SD",4,473,473,2273,"Half1",2,2,4,"pass",0,"short",3,2,-10,0,1
"827","SD","NE","NE","away","SD",4,467,467,2267,"Half1",2,3,4,"pass",0,"short",2,2,-10,0,1
"828","SD","NE","NE","away","SD",25,331,331,2131,"Half1",2,1,10,"run",6,NA,2,2,-7,1,0
"829","SD","NE","NE","away","SD",19,301,301,2101,"Half1",2,2,4,"run",1,NA,2,2,-7,1,0
"830","SD","NE","NE","away","SD",18,258,258,2058,"Half1",2,3,3,"run",4,NA,2,2,-7,1,0
"831","SD","NE","NE","away","SD",14,213,213,2013,"Half1",2,1,10,"pass",14,"short",2,2,-1,0,1
"832","SD","NE","NE","away","SD",61,92,92,1892,"Half1",2,1,10,"run",1,NA,1,2,0,1,0
"833","SD","NE","NE","away","SD",60,74,74,1874,"Half1",2,2,9,"pass",0,"short",1,2,0,0,1
"834","SD","NE","NE","away","SD",60,69,69,1869,"Half1",2,3,9,"pass",11,"short",1,2,0,0,1
"835","SD","NE","NE","away","SD",32,44,44,1844,"Half1",2,1,10,"pass",14,"short",1,2,0,0,1
"836","SD","NE","NE","away","SD",18,21,21,1821,"Half1",2,1,10,"pass",0,"short",1,2,0,0,1
"837","SD","NE","NE","away","SD",18,18,18,1818,"Half1",2,2,10,"pass",0,"short",1,2,0,0,1
"838","SD","NE","NE","away","SD",81,895,1795,1795,"Half2",3,1,10,"pass",0,"short",3,3,0,0,1
"839","SD","NE","NE","away","SD",81,855,1755,1755,"Half2",3,2,10,"pass",9,"short",3,3,0,0,1
"840","SD","NE","NE","away","SD",72,815,1715,1715,"Half2",3,3,1,"run",-1,NA,3,3,0,1,0
"841","SD","NE","NE","away","SD",52,693,1593,1593,"Half2",3,1,10,"pass",0,"short",3,3,0,0,1
"842","SD","NE","NE","away","SD",52,687,1587,1587,"Half2",3,2,10,"run",4,NA,3,3,0,1,0
"843","SD","NE","NE","away","SD",48,639,1539,1539,"Half2",3,3,6,"pass",0,"short",3,3,0,0,1
"844","SD","NE","NE","away","SD",61,501,1401,1401,"Half2",3,1,15,"pass",-6,"short",3,3,0,0,1
"845","SD","NE","NE","away","SD",67,460,1360,1360,"Half2",3,2,21,"pass",7,"short",3,3,0,0,1
"846","SD","NE","NE","away","SD",60,421,1321,1321,"Half2",3,3,14,"pass",0,"short",3,3,0,0,1
"847","SD","NE","NE","away","SD",70,283,1183,1183,"Half2",3,1,10,"run",-2,NA,3,3,0,1,0
"848","SD","NE","NE","away","SD",72,242,1142,1142,"Half2",3,2,12,"pass",6,"short",3,3,0,0,1
"849","SD","NE","NE","away","SD",66,204,1104,1104,"Half2",3,3,6,"pass",0,"short",3,3,0,0,1
"850","SD","NE","NE","away","SD",75,38,938,938,"Half2",3,1,10,"pass",9,"short",3,3,0,0,1
"851","SD","NE","NE","away","SD",66,9,909,909,"Half2",3,2,1,"pass",9,"short",3,3,0,0,1
"852","SD","NE","NE","away","SD",57,900,900,900,"Half2",4,1,10,"run",4,NA,3,3,0,1,0
"853","SD","NE","NE","away","SD",53,857,857,857,"Half2",4,2,6,"pass",9,"short",3,3,0,0,1
"854","SD","NE","NE","away","SD",39,787,787,787,"Half2",4,1,10,"pass",-2,"short",3,3,0,0,1
"855","SD","NE","NE","away","SD",41,760,760,760,"Half2",4,2,12,"pass",14,"short",3,3,0,0,1
"856","SD","NE","NE","away","SD",27,725,725,725,"Half2",4,1,10,"run",-3,NA,3,3,0,1,0
"857","SD","NE","NE","away","SD",30,681,681,681,"Half2",4,2,13,"pass",10,"short",3,3,0,0,1
"858","SD","NE","NE","away","SD",20,644,644,644,"Half2",4,3,3,"pass",0,"short",3,3,0,0,1
"859","SD","NE","NE","away","SD",69,533,533,533,"Half2",4,1,10,"pass",69,"short",3,3,9,0,1
"860","SD","NE","NE","away","SD",88,378,378,378,"Half2",4,1,10,"run",1,NA,3,3,10,1,0
"861","SD","NE","NE","away","SD",87,336,336,336,"Half2",4,2,9,"pass",7,"short",3,3,10,0,1
"862","SD","NE","NE","away","SD",80,293,293,293,"Half2",4,3,2,"run",5,NA,3,3,10,1,0
"863","SD","NE","NE","away","SD",75,244,244,244,"Half2",4,1,10,"run",-2,NA,3,3,10,1,0
"864","SD","NE","NE","away","SD",72,237,237,237,"Half2",4,1,10,"run",23,NA,3,2,10,1,0
"865","SD","NE","NE","away","SD",49,223,223,223,"Half2",4,1,10,"run",1,NA,3,1,10,1,0
"866","SD","NE","NE","away","SD",48,217,217,217,"Half2",4,2,9,"run",-1,NA,3,0,10,1,0
"867","SD","NE","NE","away","SD",49,176,176,176,"Half2",4,3,10,"pass",5,"short",3,0,10,0,1
"868","SD","NE","NE","away","SD",29,77,77,77,"Half2",4,1,10,"run",-1,NA,3,0,10,1,0
"869","SD","NE","NE","away","SD",30,39,39,39,"Half2",4,2,11,"run",-1,NA,3,0,10,1,0
"870","NE","MIA","NE","home","MIA",80,501,1401,3201,"Half1",1,1,10,"pass",15,"short",3,3,6,0,1
"871","NE","MIA","NE","home","MIA",65,474,1374,3174,"Half1",1,1,10,"run",-1,NA,3,3,6,1,0
"872","NE","MIA","NE","home","MIA",66,441,1341,3141,"Half1",1,2,11,"pass",10,"short",3,3,6,0,1
"873","NE","MIA","NE","home","MIA",56,407,1307,3107,"Half1",1,3,1,"run",6,NA,3,3,6,1,0
"874","NE","MIA","NE","home","MIA",50,376,1276,3076,"Half1",1,1,10,"pass",12,"short",3,3,6,0,1
"875","NE","MIA","NE","home","MIA",38,353,1253,3053,"Half1",1,1,10,"pass",0,"short",3,3,6,0,1
"876","NE","MIA","NE","home","MIA",80,59,959,2759,"Half1",1,1,10,"run",2,NA,3,3,3,1,0
"877","NE","MIA","NE","home","MIA",78,36,936,2736,"Half1",1,2,8,"pass",0,"short",3,3,3,0,1
"878","NE","MIA","NE","home","MIA",78,34,934,2734,"Half1",1,3,8,"pass",12,"short",3,3,3,0,1
"879","NE","MIA","NE","home","MIA",66,16,916,2716,"Half1",1,1,10,"run",1,NA,3,3,3,1,0
"880","NE","MIA","NE","home","MIA",65,900,900,2700,"Half1",2,2,9,"pass",8,"short",3,3,3,0,1
"881","NE","MIA","NE","home","MIA",57,867,867,2667,"Half1",2,3,1,"run",2,NA,3,3,3,1,0
"882","NE","MIA","NE","home","MIA",60,819,819,2619,"Half1",2,1,15,"pass",2,"short",3,3,3,0,1
"883","NE","MIA","NE","home","MIA",58,784,784,2584,"Half1",2,2,13,"pass",0,"short",3,3,3,0,1
"884","NE","MIA","NE","home","MIA",58,780,780,2580,"Half1",2,3,13,"pass",11,"short",3,3,3,0,1
"885","NE","MIA","NE","home","MIA",8,521,521,2321,"Half1",2,1,8,"run",5,NA,3,3,3,1,0
"886","NE","MIA","NE","home","MIA",3,485,485,2285,"Half1",2,2,3,"pass",0,"short",3,3,3,0,1
"887","NE","MIA","NE","home","MIA",3,483,483,2283,"Half1",2,3,3,"run",3,NA,3,3,9,1,0
"888","NE","MIA","NE","home","MIA",83,262,262,2062,"Half1",2,1,10,"pass",0,"short",3,3,7,0,1
"889","NE","MIA","NE","home","MIA",83,258,258,2058,"Half1",2,2,10,"run",2,NA,3,3,7,1,0
"890","NE","MIA","NE","home","MIA",81,217,217,2017,"Half1",2,3,8,"pass",12,"short",3,3,7,0,1
"891","NE","MIA","NE","home","MIA",69,187,187,1987,"Half1",2,1,10,"run",-1,NA,3,3,7,1,0
"892","NE","MIA","NE","home","MIA",70,150,150,1950,"Half1",2,2,11,"pass",0,"short",3,3,7,0,1
"893","NE","MIA","NE","home","MIA",70,145,145,1945,"Half1",2,3,11,"pass",0,"deep",3,3,7,0,1
"894","NE","MIA","NE","home","MIA",85,40,40,1840,"Half1",2,1,10,"run",0,NA,3,3,7,1,0
"895","NE","MIA","NE","home","MIA",85,36,36,1836,"Half1",2,2,10,"run",2,NA,3,2,7,1,0
"896","NE","MIA","NE","home","MIA",83,31,31,1831,"Half1",2,3,8,"run",0,NA,3,1,7,1,0
"897","NE","MIA","NE","home","MIA",79,895,1795,1795,"Half2",3,1,10,"pass",34,"deep",3,3,0,0,1
"898","NE","MIA","NE","home","MIA",45,863,1763,1763,"Half2",3,1,10,"pass",7,"short",3,3,0,0,1
"899","NE","MIA","NE","home","MIA",38,824,1724,1724,"Half2",3,2,3,"run",5,NA,3,3,0,1,0
"900","NE","MIA","NE","home","MIA",33,783,1683,1683,"Half2",3,1,10,"pass",14,"short",3,3,0,0,1
"901","NE","MIA","NE","home","MIA",19,753,1653,1653,"Half2",3,1,10,"run",-1,NA,3,3,0,1,0
"902","NE","MIA","NE","home","MIA",20,716,1616,1616,"Half2",3,2,11,"pass",0,"short",3,3,0,0,1
"903","NE","MIA","NE","home","MIA",20,712,1612,1612,"Half2",3,3,11,"run",17,NA,3,3,0,1,0
"904","NE","MIA","NE","home","MIA",3,669,1569,1569,"Half2",3,1,3,"run",3,NA,3,3,6,1,0
"905","NE","MIA","NE","home","MIA",64,526,1426,1426,"Half2",3,1,10,"pass",0,"deep",3,3,7,0,1
"906","NE","MIA","NE","home","MIA",59,510,1410,1410,"Half2",3,1,10,"run",14,NA,3,3,7,1,0
"907","NE","MIA","NE","home","MIA",45,477,1377,1377,"Half2",3,1,10,"run",5,NA,3,3,7,1,0
"908","NE","MIA","NE","home","MIA",40,438,1338,1338,"Half2",3,2,5,"pass",5,"short",3,3,7,0,1
"909","NE","MIA","NE","home","MIA",35,401,1301,1301,"Half2",3,1,10,"pass",9,"short",3,3,7,0,1
"910","NE","MIA","NE","home","MIA",26,358,1258,1258,"Half2",3,2,1,"run",2,NA,3,3,7,1,0
"911","NE","MIA","NE","home","MIA",24,332,1232,1232,"Half2",3,1,10,"pass",0,"short",3,3,7,0,1
"912","NE","MIA","NE","home","MIA",24,329,1229,1229,"Half2",3,2,10,"pass",0,"deep",3,3,7,0,1
"913","NE","MIA","NE","home","MIA",24,324,1224,1224,"Half2",3,3,10,"pass",7,"short",3,3,7,0,1
"914","NE","MIA","NE","home","MIA",27,275,1175,1175,"Half2",3,1,10,"pass",27,"deep",3,3,16,0,1
"915","NE","MIA","NE","home","MIA",47,168,1068,1068,"Half2",3,1,10,"run",6,NA,3,3,17,1,0
"916","NE","MIA","NE","home","MIA",41,136,1036,1036,"Half2",3,2,4,"pass",35,"deep",3,3,17,0,1
"917","NE","MIA","NE","home","MIA",6,93,993,993,"Half2",3,1,6,"pass",6,"short",3,3,23,0,1
"918","NE","MIA","NE","home","MIA",85,646,646,646,"Half2",4,1,10,"pass",19,"short",3,2,24,0,1
"919","NE","MIA","NE","home","MIA",66,617,617,617,"Half2",4,1,10,"pass",5,"short",3,2,24,0,1
"920","NE","MIA","NE","home","MIA",61,584,584,584,"Half2",4,2,5,"pass",0,"deep",3,2,24,0,1
"921","NE","MIA","NE","home","MIA",61,578,578,578,"Half2",4,3,5,"pass",31,"deep",3,2,24,0,1
"922","NE","MIA","NE","home","MIA",30,534,534,534,"Half2",4,1,10,"pass",6,"short",3,2,24,0,1
"923","NE","MIA","NE","home","MIA",24,503,503,503,"Half2",4,2,4,"run",2,NA,3,2,24,1,0
"924","NE","MIA","NE","home","MIA",22,465,465,465,"Half2",4,3,2,"run",2,NA,3,2,24,1,0
"925","NE","MIA","NE","home","MIA",20,427,427,427,"Half2",4,1,10,"pass",0,"short",3,2,24,0,1
"926","NE","MIA","NE","home","MIA",20,425,425,425,"Half2",4,2,10,"run",2,NA,3,2,24,1,0
"927","NE","MIA","NE","home","MIA",18,387,387,387,"Half2",4,3,8,"pass",0,"short",3,2,24,0,1
"928","NE","MIA","NE","home","MIA",66,145,145,145,"Half2",4,1,10,"run",4,NA,2,2,27,1,0
"929","NE","MIA","NE","home","MIA",62,120,120,120,"Half2",4,2,6,"run",9,NA,2,2,27,1,0
"930","NE","MIA","NE","home","MIA",53,82,82,82,"Half2",4,1,10,"run",13,NA,2,2,27,1,0
"931","NE","MIA","NE","home","MIA",50,73,73,73,"Half2",4,1,7,"run",1,NA,2,2,27,1,0
"932","NE","MIA","NE","home","MIA",49,33,33,33,"Half2",4,2,6,"run",4,NA,2,2,27,1,0
"933","NYJ","NE","NE","away","NYJ",54,813,1713,3513,"Half1",1,1,10,"pass",6,"short",3,3,0,0,1
"934","NYJ","NE","NE","away","NYJ",48,782,1682,3482,"Half1",1,2,4,"pass",1,"short",3,3,0,0,1
"935","NYJ","NE","NE","away","NYJ",47,741,1641,3441,"Half1",1,3,3,"pass",-13,NA,3,3,0,0,1
"936","NYJ","NE","NE","away","NYJ",79,584,1484,3284,"Half1",1,1,10,"run",4,NA,3,3,0,1,0
"937","NYJ","NE","NE","away","NYJ",75,545,1445,3245,"Half1",1,2,6,"run",-2,NA,3,3,0,1,0
"938","NYJ","NE","NE","away","NYJ",77,505,1405,3205,"Half1",1,3,8,"pass",0,"short",3,3,0,0,1
"939","NYJ","NE","NE","away","NYJ",92,378,1278,3078,"Half1",1,1,10,"pass",0,"short",3,3,0,0,1
"940","NYJ","NE","NE","away","NYJ",92,374,1274,3074,"Half1",1,2,10,"pass",9,"short",3,3,0,0,1
"941","NYJ","NE","NE","away","NYJ",83,330,1230,3030,"Half1",1,3,1,"run",3,NA,3,3,0,1,0
"942","NYJ","NE","NE","away","NYJ",80,289,1189,2989,"Half1",1,1,10,"pass",13,"short",3,3,0,0,1
"943","NYJ","NE","NE","away","NYJ",67,253,1153,2953,"Half1",1,1,10,"pass",11,"short",3,3,0,0,1
"944","NYJ","NE","NE","away","NYJ",56,229,1129,2929,"Half1",1,1,10,"pass",-8,NA,3,3,0,0,1
"945","NYJ","NE","NE","away","NYJ",64,184,1084,2884,"Half1",1,2,18,"pass",4,"short",3,3,0,0,1
"946","NYJ","NE","NE","away","NYJ",60,148,1048,2848,"Half1",1,3,14,"pass",-8,NA,3,3,0,0,1
"947","NYJ","NE","NE","away","NYJ",36,885,885,2685,"Half1",2,1,10,"pass",5,"short",3,3,0,0,1
"948","NYJ","NE","NE","away","NYJ",31,851,851,2651,"Half1",2,2,5,"run",2,NA,3,3,0,1,0
"949","NYJ","NE","NE","away","NYJ",29,818,818,2618,"Half1",2,3,3,"pass",7,"short",3,2,0,0,1
"950","NYJ","NE","NE","away","NYJ",22,785,785,2585,"Half1",2,1,10,"pass",12,"short",3,2,0,0,1
"951","NYJ","NE","NE","away","NYJ",10,762,762,2562,"Half1",2,1,10,"run",3,NA,3,2,0,1,0
"952","NYJ","NE","NE","away","NYJ",3,734,734,2534,"Half1",2,1,3,"pass",3,"short",3,2,6,0,1
"953","NYJ","NE","NE","away","NYJ",92,350,350,2150,"Half1",2,1,10,"pass",0,"short",3,2,0,0,1
"954","NYJ","NE","NE","away","NYJ",92,346,346,2146,"Half1",2,2,10,"pass",8,"short",3,2,0,0,1
"955","NYJ","NE","NE","away","NYJ",84,308,308,2108,"Half1",2,3,2,"pass",0,"short",3,2,0,0,1
"956","NYJ","NE","NE","away","NYJ",83,48,48,1848,"Half1",2,1,10,"pass",-7,NA,1,2,-3,0,1
"957","NYJ","NE","NE","away","NYJ",79,894,1794,1794,"Half2",3,1,10,"pass",3,"short",3,3,-3,0,1
"958","NYJ","NE","NE","away","NYJ",76,870,1770,1770,"Half2",3,2,7,"pass",7,"short",3,3,-3,0,1
"959","NYJ","NE","NE","away","NYJ",69,829,1729,1729,"Half2",3,1,10,"run",-1,NA,3,3,-3,1,0
"960","NYJ","NE","NE","away","NYJ",70,791,1691,1691,"Half2",3,2,11,"pass",0,"short",3,3,-3,0,1
"961","NYJ","NE","NE","away","NYJ",70,787,1687,1687,"Half2",3,3,11,"pass",0,"short",3,3,-3,0,1
"962","NYJ","NE","NE","away","NYJ",87,393,1293,1293,"Half2",3,1,10,"run",8,NA,3,3,-6,1,0
"963","NYJ","NE","NE","away","NYJ",79,364,1264,1264,"Half2",3,2,2,"pass",10,"short",3,3,-6,0,1
"964","NYJ","NE","NE","away","NYJ",69,341,1241,1241,"Half2",3,1,10,"pass",7,"short",3,3,-6,0,1
"965","NYJ","NE","NE","away","NYJ",62,328,1228,1228,"Half2",3,2,3,"run",0,NA,3,3,-6,1,0
"966","NYJ","NE","NE","away","NYJ",62,310,1210,1210,"Half2",3,3,3,"pass",12,"short",3,3,-6,0,1
"967","NYJ","NE","NE","away","NYJ",50,286,1186,1186,"Half2",3,1,10,"run",6,NA,3,3,-6,1,0
"968","NYJ","NE","NE","away","NYJ",44,253,1153,1153,"Half2",3,2,4,"run",15,NA,3,3,-6,1,0
"969","NYJ","NE","NE","away","NYJ",29,238,1138,1138,"Half2",3,1,10,"run",4,NA,3,3,-6,1,0
"970","NYJ","NE","NE","away","NYJ",25,214,1114,1114,"Half2",3,2,6,"pass",11,"short",3,3,-6,0,1
"971","NYJ","NE","NE","away","NYJ",14,191,1091,1091,"Half2",3,1,10,"pass",3,"short",3,3,-6,0,1
"972","NYJ","NE","NE","away","NYJ",11,167,1067,1067,"Half2",3,2,7,"run",5,NA,3,3,-6,1,0
"973","NYJ","NE","NE","away","NYJ",6,125,1025,1025,"Half2",3,3,2,"pass",0,"short",3,3,-6,0,1
"974","NYJ","NE","NE","away","NYJ",38,68,968,968,"Half2",3,1,10,"run",1,NA,3,3,-3,1,0
"975","NYJ","NE","NE","away","NYJ",37,36,936,936,"Half2",3,2,9,"pass",14,"short",3,3,-3,0,1
"976","NYJ","NE","NE","away","NYJ",23,19,919,919,"Half2",3,1,10,"pass",0,"short",3,3,-3,0,1
"977","NYJ","NE","NE","away","NYJ",23,15,915,915,"Half2",3,2,10,"pass",0,"short",3,3,-3,0,1
"978","NYJ","NE","NE","away","NYJ",23,10,910,910,"Half2",3,3,10,"pass",10,"short",3,3,-3,0,1
"979","NYJ","NE","NE","away","NYJ",13,900,900,900,"Half2",4,1,10,"run",11,NA,3,3,-3,1,0
"980","NYJ","NE","NE","away","NYJ",2,864,864,864,"Half2",4,1,2,"run",1,NA,3,3,-3,1,0
"981","NYJ","NE","NE","away","NYJ",1,836,836,836,"Half2",4,2,1,"run",1,NA,3,3,3,1,0
"982","NYJ","NE","NE","away","NYJ",81,450,450,450,"Half2",4,1,15,"pass",0,"short",3,3,1,0,1
"983","NYJ","NE","NE","away","NYJ",81,446,446,446,"Half2",4,2,15,"pass",0,"short",3,3,1,0,1
"984","NYJ","NE","NE","away","NYJ",58,316,316,316,"Half2",4,1,10,"run",3,NA,3,2,1,1,0
"985","NYJ","NE","NE","away","NYJ",55,282,282,282,"Half2",4,2,7,"pass",0,"short",3,2,1,0,1
"986","NYJ","NE","NE","away","NYJ",55,278,278,278,"Half2",4,3,7,"pass",7,"short",3,1,1,0,1
"987","NYJ","NE","NE","away","NYJ",53,243,243,243,"Half2",4,1,15,"pass",7,"short",3,1,1,0,1
"988","NYJ","NE","NE","away","NYJ",46,205,205,205,"Half2",4,2,8,"pass",12,"short",3,1,1,0,1
"989","NYJ","NE","NE","away","NYJ",34,161,161,161,"Half2",4,1,10,"run",6,NA,3,1,1,1,0
"990","NYJ","NE","NE","away","NYJ",28,120,120,120,"Half2",4,2,4,"run",3,NA,3,1,1,1,0
"991","NYJ","NE","NE","away","NYJ",25,115,115,115,"Half2",4,3,1,"run",17,NA,2,0,1,1,0
"992","NE","BUF","NE","home","BUF",80,719,1619,3419,"Half1",1,1,10,"run",7,NA,3,3,-7,1,0
"993","NE","BUF","NE","home","BUF",73,690,1590,3390,"Half1",1,2,3,"run",2,NA,3,3,-7,1,0
"994","NE","BUF","NE","home","BUF",71,660,1560,3360,"Half1",1,3,1,"pass",0,"short",3,3,-7,0,1
"995","NE","BUF","NE","home","BUF",86,515,1415,3215,"Half1",1,1,10,"pass",18,"deep",3,3,-7,0,1
"996","NE","BUF","NE","home","BUF",68,483,1383,3183,"Half1",1,1,10,"pass",0,"deep",3,3,-7,0,1
"997","NE","BUF","NE","home","BUF",68,477,1377,3177,"Half1",1,2,10,"pass",6,"short",3,3,-7,0,1
"998","NE","BUF","NE","home","BUF",62,439,1339,3139,"Half1",1,3,4,"pass",27,"short",3,3,-7,0,1
"999","NE","BUF","NE","home","BUF",35,399,1299,3099,"Half1",1,1,10,"pass",0,"short",3,3,-7,0,1
"1000","NE","BUF","NE","home","BUF",35,395,1295,3095,"Half1",1,2,10,"run",2,NA,3,3,-7,1,0
"1001","NE","BUF","NE","home","BUF",33,353,1253,3053,"Half1",1,3,8,"pass",9,"short",3,3,-7,0,1
"1002","NE","BUF","NE","home","BUF",24,317,1217,3017,"Half1",1,1,10,"run",2,NA,3,3,-7,1,0
"1003","NE","BUF","NE","home","BUF",22,289,1189,2989,"Half1",1,2,8,"run",5,NA,3,3,-7,1,0
"1004","NE","BUF","NE","home","BUF",8,262,1162,2962,"Half1",1,1,8,"run",-2,NA,3,3,-7,1,0
"1005","NE","BUF","NE","home","BUF",10,223,1123,2923,"Half1",1,2,10,"pass",4,"short",3,3,-7,0,1
"1006","NE","BUF","NE","home","BUF",6,191,1091,2891,"Half1",1,3,6,"pass",0,"short",3,3,-7,0,1
"1007","NE","BUF","NE","home","BUF",80,638,638,2438,"Half1",2,1,10,"run",6,NA,3,2,-11,1,0
"1008","NE","BUF","NE","home","BUF",84,579,579,2379,"Half1",2,2,14,"pass",0,"short",3,2,-11,0,1
"1009","NE","BUF","NE","home","BUF",84,574,574,2374,"Half1",2,3,14,"pass",0,"short",3,2,-11,0,1
"1010","NE","BUF","NE","home","BUF",44,511,511,2311,"Half1",2,1,10,"pass",0,"short",3,2,-11,0,1
"1011","NE","BUF","NE","home","BUF",44,505,505,2305,"Half1",2,2,10,"run",9,NA,3,2,-11,1,0
"1012","NE","BUF","NE","home","BUF",35,472,472,2272,"Half1",2,3,1,"run",0,NA,3,2,-11,1,0
"1013","NE","BUF","NE","home","BUF",35,434,434,2234,"Half1",2,4,1,"pass",9,"short",3,2,-11,0,1
"1014","NE","BUF","NE","home","BUF",26,403,403,2203,"Half1",2,1,10,"run",7,NA,3,2,-11,1,0
"1015","NE","BUF","NE","home","BUF",19,360,360,2160,"Half1",2,2,3,"pass",-7,NA,3,2,-11,0,1
"1016","NE","BUF","NE","home","BUF",26,319,319,2119,"Half1",2,3,10,"pass",0,"deep",3,2,-11,0,1
"1017","NE","BUF","NE","home","BUF",80,134,134,1934,"Half1",2,1,10,"pass",8,"short",3,2,-11,0,1
"1018","NE","BUF","NE","home","BUF",72,120,120,1920,"Half1",2,2,2,"run",1,NA,3,2,-11,1,0
"1019","NE","BUF","NE","home","BUF",71,89,89,1889,"Half1",2,3,1,"run",2,NA,3,2,-11,1,0
"1020","NE","BUF","NE","home","BUF",79,61,61,1861,"Half1",2,1,20,"pass",-1,"short",3,2,-11,0,1
"1021","NE","BUF","NE","home","BUF",80,27,27,1827,"Half1",2,2,21,"run",7,NA,3,2,-11,1,0
"1022","NE","BUF","NE","home","BUF",80,900,1800,1800,"Half2",3,1,10,"pass",5,"short",3,3,-11,0,1
"1023","NE","BUF","NE","home","BUF",75,880,1780,1780,"Half2",3,2,5,"pass",-3,NA,3,3,-11,0,1
"1024","NE","BUF","NE","home","BUF",78,831,1731,1731,"Half2",3,3,8,"pass",0,"short",3,3,-11,0,1
"1025","NE","BUF","NE","home","BUF",84,723,1623,1623,"Half2",3,1,10,"run",6,NA,3,3,-11,1,0
"1026","NE","BUF","NE","home","BUF",78,690,1590,1590,"Half2",3,2,4,"run",34,NA,3,3,-11,1,0
"1027","NE","BUF","NE","home","BUF",44,658,1558,1558,"Half2",3,1,10,"run",5,NA,3,3,-11,1,0
"1028","NE","BUF","NE","home","BUF",39,613,1513,1513,"Half2",3,2,5,"pass",-1,NA,3,3,-11,0,1
"1029","NE","BUF","NE","home","BUF",35,557,1457,1457,"Half2",3,1,10,"run",5,NA,3,3,-11,1,0
"1030","NE","BUF","NE","home","BUF",30,517,1417,1417,"Half2",3,2,5,"run",4,NA,3,3,-11,1,0
"1031","NE","BUF","NE","home","BUF",26,479,1379,1379,"Half2",3,3,1,"run",4,NA,3,3,-11,1,0
"1032","NE","BUF","NE","home","BUF",22,445,1345,1345,"Half2",3,1,10,"run",0,NA,3,3,-11,1,0
"1033","NE","BUF","NE","home","BUF",22,403,1303,1303,"Half2",3,2,10,"pass",0,"deep",3,3,-11,0,1
"1034","NE","BUF","NE","home","BUF",22,395,1295,1295,"Half2",3,3,10,"pass",9,"short",3,3,-11,0,1
"1035","NE","BUF","NE","home","BUF",13,357,1257,1257,"Half2",3,4,1,"run",-1,NA,3,3,-11,1,0
"1036","NE","BUF","NE","home","BUF",44,175,1075,1075,"Half2",3,1,10,"pass",20,"deep",3,3,-11,0,1
"1037","NE","BUF","NE","home","BUF",24,133,1033,1033,"Half2",3,1,10,"pass",0,"short",3,3,-11,0,1
"1038","NE","BUF","NE","home","BUF",24,90,990,990,"Half2",3,2,10,"pass",0,"deep",3,3,-11,0,1
"1039","NE","BUF","NE","home","BUF",24,85,985,985,"Half2",3,3,10,"pass",7,"short",3,3,-11,0,1
"1040","NE","BUF","NE","home","BUF",83,672,672,672,"Half2",4,1,10,"pass",14,"short",3,3,-8,0,1
"1041","NE","BUF","NE","home","BUF",69,637,637,637,"Half2",4,1,10,"run",4,NA,3,3,-8,1,0
"1042","NE","BUF","NE","home","BUF",65,589,589,589,"Half2",4,2,6,"pass",0,"short",3,3,-8,0,1
"1043","NE","BUF","NE","home","BUF",65,586,586,586,"Half2",4,3,6,"run",9,NA,3,3,-8,1,0
"1044","NE","BUF","NE","home","BUF",56,542,542,542,"Half2",4,1,10,"pass",12,"short",3,3,-8,0,1
"1045","NE","BUF","NE","home","BUF",44,502,502,502,"Half2",4,1,10,"run",-1,NA,3,3,-8,1,0
"1046","NE","BUF","NE","home","BUF",45,460,460,460,"Half2",4,2,11,"pass",0,"deep",3,3,-8,0,1
"1047","NE","BUF","NE","home","BUF",30,448,448,448,"Half2",4,1,10,"run",-1,NA,3,3,-8,1,0
"1048","NE","BUF","NE","home","BUF",31,411,411,411,"Half2",4,2,11,"pass",-15,NA,3,3,-8,0,1
"1049","NE","BUF","NE","home","BUF",56,335,335,335,"Half2",4,3,36,"pass",15,"short",3,3,-8,0,1
"1050","NE","BUF","NE","home","BUF",75,110,110,110,"Half2",4,1,10,"pass",3,"short",0,3,-8,0,1
"1051","NE","BUF","NE","home","BUF",72,87,87,87,"Half2",4,2,7,"pass",5,"short",0,3,-8,0,1
"1052","NE","BUF","NE","home","BUF",67,66,66,66,"Half2",4,3,2,"pass",0,"short",0,3,-8,0,1
"1053","NE","BUF","NE","home","BUF",67,58,58,58,"Half2",4,4,2,"pass",0,"short",0,3,-8,0,1
